line,destination,stop,bus,datetime,estimateArrive
44,MARQUES DE VIANA,1668,5656,2021-03-17 13:52:36.292912,642
44,MARQUES DE VIANA,1668,5652,2021-03-17 13:52:36.292912,1036
133,MIRASIERRA,1359,4701,2021-03-17 13:52:36.293144,89
133,MIRASIERRA,1359,4693,2021-03-17 13:52:36.293144,207
1,PROSPERIDAD,717,8294,2021-03-17 13:52:36.295269,1347
1,PROSPERIDAD,717,116,2021-03-17 13:52:36.295269,606
132,HOSPITAL LA PAZ,1651,4829,2021-03-17 13:52:36.295434,132
132,HOSPITAL LA PAZ,1651,8313,2021-03-17 13:52:36.295434,61
82,PITIS,1726,4706,2021-03-17 13:52:36.295554,15
82,PITIS,1726,4721,2021-03-17 13:52:36.295554,760
44,MARQUES DE VIANA,1676,5660,2021-03-17 13:52:36.332594,20
44,MARQUES DE VIANA,1676,5661,2021-03-17 13:52:36.332594,199
132,MONCLOA,1602,4832,2021-03-17 13:52:36.335051,262
132,MONCLOA,1602,4827,2021-03-17 13:52:36.335051,683
132,MONCLOA,3284,4826,2021-03-17 13:52:36.337214,45
132,MONCLOA,3284,8329,2021-03-17 13:52:36.337214,213
133,MIRASIERRA,3294,4701,2021-03-17 13:52:36.337350,618
133,MIRASIERRA,3294,4693,2021-03-17 13:52:36.337350,642
133,CALLAO,1357,4687,2021-03-17 13:52:36.340093,548
133,CALLAO,1357,4695,2021-03-17 13:52:36.340093,77
82,PITIS,1693,4656,2021-03-17 13:52:36.340562,786
82,PITIS,1693,4705,2021-03-17 13:52:36.340562,443
1,PROSPERIDAD,425,4720,2021-03-17 13:52:36.340976,771
1,PROSPERIDAD,425,8294,2021-03-17 13:52:36.340976,249
132,HOSPITAL LA PAZ,1368,4737,2021-03-17 13:52:36.343586,20
132,HOSPITAL LA PAZ,1368,8313,2021-03-17 13:52:36.343586,875
133,CALLAO,173,4724,2021-03-17 13:52:36.343945,956
133,CALLAO,173,4692,2021-03-17 13:52:36.343945,138
1,PROSPERIDAD,173,124,2021-03-17 13:52:36.343945,449
44,CALLAO,173,8299,2021-03-17 13:52:36.343945,520
1,PROSPERIDAD,173,122,2021-03-17 13:52:36.343945,414
44,CALLAO,173,5653,2021-03-17 13:52:36.343945,185
1,CRISTO REY,5137,121,2021-03-17 13:52:36.344438,1217
1,CRISTO REY,5137,117,2021-03-17 13:52:36.344438,617
44,CALLAO,2393,5659,2021-03-17 13:52:36.344440,264
44,CALLAO,2393,5655,2021-03-17 13:52:36.344440,913
1,CRISTO REY,722,119,2021-03-17 13:52:36.345728,410
1,CRISTO REY,722,118,2021-03-17 13:52:36.345728,1147
133,MIRASIERRA,1349,4685,2021-03-17 13:52:36.345876,615
133,MIRASIERRA,1349,4683,2021-03-17 13:52:36.345876,429
133,MIRASIERRA,1334,4685,2021-03-17 13:52:36.345915,159
133,MIRASIERRA,1334,4835,2021-03-17 13:52:36.345915,419
1,CRISTO REY,9,117,2021-03-17 13:52:36.347023,800
132,MONCLOA,1675,8329,2021-03-17 13:52:36.348386,126
132,MONCLOA,1675,4824,2021-03-17 13:52:36.348386,667
82,PITIS,1635,4721,2021-03-17 13:52:36.348428,832
82,PITIS,1635,4706,2021-03-17 13:52:36.348428,75
133,MIRASIERRA,1616,4693,2021-03-17 13:52:36.348726,311
133,MIRASIERRA,1616,4701,2021-03-17 13:52:36.348726,217
44,MARQUES DE VIANA,2400,5661,2021-03-17 13:52:36.348751,34
44,MARQUES DE VIANA,2400,5656,2021-03-17 13:52:36.348751,901
1,PROSPERIDAD,423,8294,2021-03-17 13:52:36.349285,84
1,PROSPERIDAD,423,4720,2021-03-17 13:52:36.349285,606
132,HOSPITAL LA PAZ,1645,8314,2021-03-17 13:52:36.349334,745
132,HOSPITAL LA PAZ,1366,8313,2021-03-17 13:52:36.349450,715
132,HOSPITAL LA PAZ,1366,4829,2021-03-17 13:52:36.349450,759
133,CALLAO,23,4724,2021-03-17 13:52:36.349904,390
133,CALLAO,23,5475,2021-03-17 13:52:36.349904,231
44,CALLAO,3895,5660,2021-03-17 13:52:36.350297,177
44,CALLAO,3895,5661,2021-03-17 13:52:36.350297,622
44,MARQUES DE VIANA,1670,5652,2021-03-17 13:52:36.350575,1086
44,MARQUES DE VIANA,1670,5656,2021-03-17 13:52:36.350575,665
44,CALLAO,3682,5661,2021-03-17 13:52:36.350675,663
44,CALLAO,3682,5660,2021-03-17 13:52:36.350675,218
133,CALLAO,1348,4695,2021-03-17 13:52:36.351701,509
133,CALLAO,1348,4724,2021-03-17 13:52:36.351701,89
132,MONCLOA,1367,4719,2021-03-17 13:52:36.351778,385
133,CALLAO,735,5475,2021-03-17 13:52:36.352179,755
44,CALLAO,735,8299,2021-03-17 13:52:36.352179,309
1,PROSPERIDAD,735,124,2021-03-17 13:52:36.352179,247
1,PROSPERIDAD,735,122,2021-03-17 13:52:36.352179,225
82,MONCLOA,1710,4718,2021-03-17 13:52:36.352719,693
82,MONCLOA,1710,4655,2021-03-17 13:52:36.352719,372
82,MONCLOA,1706,4655,2021-03-17 13:52:36.352955,517
82,MONCLOA,1706,4718,2021-03-17 13:52:36.352955,858
1,PROSPERIDAD,169,122,2021-03-17 13:52:36.354130,856
1,PROSPERIDAD,169,124,2021-03-17 13:52:36.354130,891
82,PITIS,1329,4723,2021-03-17 13:52:36.354174,503
82,PITIS,1329,4656,2021-03-17 13:52:36.354174,83
132,HOSPITAL LA PAZ,1329,8312,2021-03-17 13:52:36.354174,263
132,HOSPITAL LA PAZ,1329,8310,2021-03-17 13:52:36.354174,683
133,CALLAO,740,4724,2021-03-17 13:52:36.355227,614
133,CALLAO,740,5475,2021-03-17 13:52:36.355227,571
132,HOSPITAL LA PAZ,1689,4830,2021-03-17 13:52:36.355325,15
82,PITIS,1689,4656,2021-03-17 13:52:36.355325,653
132,HOSPITAL LA PAZ,1689,4831,2021-03-17 13:52:36.355325,434
82,PITIS,1689,4705,2021-03-17 13:52:36.355325,294
1,PROSPERIDAD,723,122,2021-03-17 13:52:36.356102,1006
1,PROSPERIDAD,723,124,2021-03-17 13:52:36.356102,1020
1,CRISTO REY,69,117,2021-03-17 13:52:36.356333,415
1,CRISTO REY,69,121,2021-03-17 13:52:36.356333,1015
44,MARQUES DE VIANA,2396,5656,2021-03-17 13:52:36.356340,788
44,MARQUES DE VIANA,2396,5652,2021-03-17 13:52:36.356340,1192
82,MONCLOA,1729,4718,2021-03-17 13:52:36.357365,139
82,MONCLOA,1729,4713,2021-03-17 13:52:36.357365,501
1,PROSPERIDAD,162,4720,2021-03-17 13:52:36.357506,492
1,PROSPERIDAD,731,4720,2021-03-17 13:52:36.357506,1012
1,PROSPERIDAD,731,8294,2021-03-17 13:52:36.357506,541
82,PITIS,4282,4733,2021-03-17 13:52:36.357909,103
82,PITIS,4282,4710,2021-03-17 13:52:36.357909,61
82,MONCLOA,1698,4711,2021-03-17 13:52:36.357924,5
82,MONCLOA,1698,4717,2021-03-17 13:52:36.357924,11
82,MONCLOA,1723,4713,2021-03-17 13:52:36.358304,633
82,MONCLOA,1723,4718,2021-03-17 13:52:36.358304,260
133,CALLAO,1335,4724,2021-03-17 13:52:36.358970,401
133,CALLAO,1335,5475,2021-03-17 13:52:36.358970,286
44,CALLAO,2397,5655,2021-03-17 13:52:36.636514,285
44,CALLAO,2397,5660,2021-03-17 13:52:36.636514,690
82,MONCLOA,1715,4718,2021-03-17 13:52:36.672153,487
82,MONCLOA,1715,4655,2021-03-17 13:52:36.672153,98
82,MONCLOA,5716,4655,2021-03-17 13:52:36.709246,415
82,MONCLOA,5716,4718,2021-03-17 13:52:36.709246,790
133,CALLAO,5652,4687,2021-03-17 13:52:36.720366,794
133,CALLAO,5652,4695,2021-03-17 13:52:36.720366,333
132,HOSPITAL LA PAZ,1647,8314,2021-03-17 13:52:36.770228,783
1,CRISTO REY,452,121,2021-03-17 13:52:36.806477,839
1,CRISTO REY,452,117,2021-03-17 13:52:36.806477,174
82,MONCLOA,5370,4711,2021-03-17 13:52:36.817287,32
82,MONCLOA,5370,4717,2021-03-17 13:52:36.817287,39
82,MONCLOA,3047,4717,2021-03-17 13:52:36.857246,759
132,MONCLOA,3047,4703,2021-03-17 13:52:36.857246,452
44,CALLAO,5098,5655,2021-03-17 13:52:36.859436,578
44,CALLAO,5098,5660,2021-03-17 13:52:36.859436,965
133,MIRASIERRA,1347,4683,2021-03-17 13:52:36.882306,385
133,MIRASIERRA,1347,4685,2021-03-17 13:52:36.882306,593
82,MONCLOA,1713,4655,2021-03-17 13:52:36.886764,130
82,MONCLOA,1713,4718,2021-03-17 13:52:36.886764,471
132,HOSPITAL LA PAZ,1370,4737,2021-03-17 13:52:36.886830,133
132,HOSPITAL LA PAZ,1370,8313,2021-03-17 13:52:36.886830,994
133,MIRASIERRA,1332,4835,2021-03-17 13:52:36.887196,382
133,MIRASIERRA,1332,4685,2021-03-17 13:52:36.887196,129
132,HOSPITAL LA PAZ,3283,8314,2021-03-17 13:52:36.887305,248
132,HOSPITAL LA PAZ,3283,4830,2021-03-17 13:52:36.887305,677
133,CALLAO,1749,4689,2021-03-17 13:52:36.887454,142
133,CALLAO,1749,4698,2021-03-17 13:52:36.887454,503
1,PROSPERIDAD,3687,122,2021-03-17 13:52:36.906703,28
1,PROSPERIDAD,3687,124,2021-03-17 13:52:36.906703,33
44,CALLAO,3687,5659,2021-03-17 13:52:36.906703,683
44,CALLAO,3687,8299,2021-03-17 13:52:36.906703,149
82,PITIS,1722,4721,2021-03-17 13:52:36.918976,660
82,PITIS,1722,4722,2021-03-17 13:52:36.918976,758
133,CALLAO,1342,4724,2021-03-17 13:52:36.918978,289
133,CALLAO,1342,5475,2021-03-17 13:52:36.918978,110
1,PROSPERIDAD,745,118,2021-03-17 13:52:36.933216,51
1,PROSPERIDAD,745,116,2021-03-17 13:52:36.933216,820
132,MONCLOA,1578,4824,2021-03-17 13:52:36.944787,599
132,MONCLOA,1578,8329,2021-03-17 13:52:36.944787,59
44,CALLAO,5139,5653,2021-03-17 13:52:36.945128,518
44,CALLAO,5139,8299,2021-03-17 13:52:36.945128,856
133,CALLAO,5139,4699,2021-03-17 13:52:36.945128,74
132,MONCLOA,1685,4826,2021-03-17 13:52:36.955532,562
132,MONCLOA,1685,8329,2021-03-17 13:52:36.955532,725
82,MONCLOA,1685,4711,2021-03-17 13:52:36.955532,364
82,MONCLOA,1685,4717,2021-03-17 13:52:36.955532,346
1,CRISTO REY,273,118,2021-03-17 13:52:36.956048,743
133,CALLAO,3228,4689,2021-03-17 13:52:36.956085,361
133,CALLAO,3228,4687,2021-03-17 13:52:36.956085,73
82,PITIS,1699,4705,2021-03-17 13:52:36.958604,559
82,PITIS,1699,4656,2021-03-17 13:52:36.958604,891
1,PROSPERIDAD,721,8294,2021-03-17 13:52:36.959277,1173
1,PROSPERIDAD,721,116,2021-03-17 13:52:36.959277,419
82,PITIS,1724,4721,2021-03-17 13:52:36.959788,715
82,PITIS,5729,4721,2021-03-17 13:52:36.963356,897
82,PITIS,5729,4706,2021-03-17 13:52:36.963356,150
132,HOSPITAL LA PAZ,3290,4737,2021-03-17 13:52:36.990270,399
132,HOSPITAL LA PAZ,3290,4827,2021-03-17 13:52:36.990270,86
1,CRISTO REY,716,118,2021-03-17 13:52:36.990415,831
1,CRISTO REY,716,119,2021-03-17 13:52:36.990415,94
82,MONCLOA,1630,4713,2021-03-17 13:52:36.990599,394
82,MONCLOA,1630,4718,2021-03-17 13:52:36.990599,35
133,MIRASIERRA,3296,4701,2021-03-17 13:52:36.992554,677
133,MIRASIERRA,3296,4693,2021-03-17 13:52:36.992554,765
133,MIRASIERRA,5793,4685,2021-03-17 13:52:36.992554,475
133,MIRASIERRA,5793,4683,2021-03-17 13:52:36.992554,265
1,CRISTO REY,4094,121,2021-03-17 13:52:36.992606,1314
1,CRISTO REY,4094,117,2021-03-17 13:52:36.992606,692
133,MIRASIERRA,5573,4699,2021-03-17 13:52:36.992814,442
133,MIRASIERRA,5573,4704,2021-03-17 13:52:36.992814,82
1,PROSPERIDAD,726,116,2021-03-17 13:52:36.994853,111
1,PROSPERIDAD,726,8294,2021-03-17 13:52:36.994853,852
82,MONCLOA,1719,4718,2021-03-17 13:52:36.996754,383
82,MONCLOA,1719,4655,2021-03-17 13:52:36.996754,9
132,HOSPITAL LA PAZ,3276,4830,2021-03-17 13:52:36.999836,251
132,HOSPITAL LA PAZ,3276,4831,2021-03-17 13:52:36.999836,600
132,MONCLOA,1644,4824,2021-03-17 13:52:37.000400,505
133,MIRASIERRA,1352,4684,2021-03-17 13:52:37.000698,15
133,MIRASIERRA,1352,4683,2021-03-17 13:52:37.000698,618
44,MARQUES DE VIANA,172,5652,2021-03-17 13:52:37.000727,3
133,MIRASIERRA,172,4704,2021-03-17 13:52:37.000727,631
1,CRISTO REY,172,115,2021-03-17 13:52:37.000727,570
1,CRISTO REY,172,120,2021-03-17 13:52:37.000727,358
133,MIRASIERRA,172,4702,2021-03-17 13:52:37.000727,220
44,MARQUES DE VIANA,172,8297,2021-03-17 13:52:37.000727,281
44,MARQUES DE VIANA,2390,5656,2021-03-17 13:52:37.002120,317
44,MARQUES DE VIANA,2390,5652,2021-03-17 13:52:37.002120,716
82,PITIS,1720,4721,2021-03-17 13:52:37.002687,602
82,PITIS,1720,4722,2021-03-17 13:52:37.002687,715
132,HOSPITAL LA PAZ,3273,4831,2021-03-17 13:52:37.002737,521
1,CRISTO REY,161,117,2021-03-17 13:52:37.002737,293
1,CRISTO REY,161,121,2021-03-17 13:52:37.002737,943
132,HOSPITAL LA PAZ,3273,4830,2021-03-17 13:52:37.002737,156
44,MARQUES DE VIANA,803,5652,2021-03-17 13:52:37.003793,664
44,MARQUES DE VIANA,803,5656,2021-03-17 13:52:37.003793,237
44,MARQUES DE VIANA,2398,5656,2021-03-17 13:52:37.004024,857
1,CRISTO REY,728,119,2021-03-17 13:52:37.004024,776
1,CRISTO REY,728,121,2021-03-17 13:52:37.004024,28
132,MONCLOA,93,4832,2021-03-17 13:52:37.005114,799
132,MONCLOA,93,4719,2021-03-17 13:52:37.005114,320
133,MIRASIERRA,1358,4693,2021-03-17 13:52:37.010033,123
133,MIRASIERRA,1336,4685,2021-03-17 13:52:37.010405,198
133,MIRASIERRA,1356,4684,2021-03-17 13:52:37.066480,226
133,MIRASIERRA,1356,4693,2021-03-17 13:52:37.066480,36
132,MONCLOA,1365,4825,2021-03-17 13:52:37.068632,18
132,MONCLOA,1365,4719,2021-03-17 13:52:37.068632,455
1,PROSPERIDAD,164,122,2021-03-17 13:52:37.069490,1242
1,PROSPERIDAD,164,4720,2021-03-17 13:52:37.069490,211
44,CALLAO,4514,8299,2021-03-17 13:52:37.078168,31
82,MONCLOA,4514,4711,2021-03-17 13:52:37.078168,716
82,MONCLOA,4514,4717,2021-03-17 13:52:37.078168,667
44,CALLAO,4514,5659,2021-03-17 13:52:37.078168,529
132,MONCLOA,4514,4826,2021-03-17 13:52:37.078168,937
1,PROSPERIDAD,4514,120,2021-03-17 13:52:37.078168,1256
1,PROSPERIDAD,4514,115,2021-03-17 13:52:37.078168,1488
132,MONCLOA,4514,4703,2021-03-17 13:52:37.078168,232
44,MARQUES DE VIANA,1666,5656,2021-03-17 13:52:37.078660,568
44,MARQUES DE VIANA,1666,5652,2021-03-17 13:52:37.078660,1021
44,MARQUES DE VIANA,5591,5656,2021-03-17 13:52:37.108789,556
44,MARQUES DE VIANA,5591,5652,2021-03-17 13:52:37.108789,995
82,PITIS,1711,4721,2021-03-17 13:52:37.139373,215
82,PITIS,1711,4722,2021-03-17 13:52:37.139373,360
132,HOSPITAL LA PAZ,3277,4830,2021-03-17 13:52:37.178544,363
82,PITIS,1703,4705,2021-03-17 13:52:37.184605,691
82,PITIS,1703,4722,2021-03-17 13:52:37.184605,56
1,CRISTO REY,2307,119,2021-03-17 13:52:37.211281,541
1,CRISTO REY,2307,118,2021-03-17 13:52:37.211281,1277
44,CALLAO,2403,5661,2021-03-17 13:52:37.232262,803
44,CALLAO,2403,5660,2021-03-17 13:52:37.232262,358
132,MONCLOA,1654,4825,2021-03-17 13:52:37.248049,651
132,MONCLOA,1654,4824,2021-03-17 13:52:37.248049,214
132,MONCLOA,1650,4825,2021-03-17 13:52:37.248282,752
132,MONCLOA,1650,4824,2021-03-17 13:52:37.248282,354
1,PROSPERIDAD,171,122,2021-03-17 13:52:37.248517,757
1,PROSPERIDAD,171,124,2021-03-17 13:52:37.248517,761
44,MARQUES DE VIANA,5572,5653,2021-03-17 13:52:37.248962,862
44,MARQUES DE VIANA,5572,5657,2021-03-17 13:52:37.248962,383
132,MONCLOA,3280,8329,2021-03-17 13:52:37.258687,294
132,MONCLOA,3280,4826,2021-03-17 13:52:37.258687,130
133,CALLAO,4968,4698,2021-03-17 13:52:37.259492,443
133,CALLAO,4968,4689,2021-03-17 13:52:37.259492,82
133,MIRASIERRA,3571,4693,2021-03-17 13:52:37.273105,723
133,MIRASIERRA,3571,4701,2021-03-17 13:52:37.273105,657
133,CALLAO,1612,4687,2021-03-17 13:52:37.284481,185
133,CALLAO,1612,4689,2021-03-17 13:52:37.284481,475
132,HOSPITAL LA PAZ,3281,4830,2021-03-17 13:52:37.314658,578
132,HOSPITAL LA PAZ,3281,8314,2021-03-17 13:52:37.314658,131
133,CALLAO,1361,4687,2021-03-17 13:52:37.373973,455
82,PITIS,1633,4706,2021-03-17 13:52:37.448290,40
82,PITIS,1633,4721,2021-03-17 13:52:37.448290,785
132,HOSPITAL LA PAZ,1512,4829,2021-03-17 13:52:37.449303,486
132,HOSPITAL LA PAZ,1512,8313,2021-03-17 13:52:37.449303,450
44,CALLAO,2389,5659,2021-03-17 13:52:37.449828,407
44,CALLAO,2389,5655,2021-03-17 13:52:37.449828,1032
1,PROSPERIDAD,5138,4720,2021-03-17 13:52:37.461392,154
1,PROSPERIDAD,5138,122,2021-03-17 13:52:37.461392,1184
82,MONCLOA,5309,4655,2021-03-17 13:52:37.461442,612
82,MONCLOA,5309,4718,2021-03-17 13:52:37.461442,958
1,PROSPERIDAD,424,8294,2021-03-17 13:52:37.463760,199
1,PROSPERIDAD,424,4720,2021-03-17 13:52:37.463760,694
1,CRISTO REY,733,119,2021-03-17 13:52:37.467470,1219
1,CRISTO REY,733,121,2021-03-17 13:52:37.467470,499
82,PITIS,1629,4706,2021-03-17 13:52:37.470256,168
82,PITIS,1629,4721,2021-03-17 13:52:37.470256,916
132,MONCLOA,1648,4825,2021-03-17 13:52:37.478032,833
132,MONCLOA,1648,4824,2021-03-17 13:52:37.478032,389
133,MIRASIERRA,1636,4693,2021-03-17 13:52:37.478119,431
133,MIRASIERRA,1636,4701,2021-03-17 13:52:37.478119,344
1,CRISTO REY,736,120,2021-03-17 13:52:37.497114,557
44,MARQUES DE VIANA,736,8297,2021-03-17 13:52:37.497114,467
1,CRISTO REY,736,115,2021-03-17 13:52:37.497114,783
44,MARQUES DE VIANA,736,5652,2021-03-17 13:52:37.497114,173
133,MIRASIERRA,736,4702,2021-03-17 13:52:37.497114,313
1,CRISTO REY,449,121,2021-03-17 13:52:37.502190,558
1,CRISTO REY,449,119,2021-03-17 13:52:37.502190,1277
132,HOSPITAL LA PAZ,1655,8313,2021-03-17 13:52:37.502349,182
132,HOSPITAL LA PAZ,1655,4829,2021-03-17 13:52:37.502349,225
82,MONCLOA,4022,4717,2021-03-17 13:52:37.502961,713
132,MONCLOA,4022,4703,2021-03-17 13:52:37.502961,306
132,MONCLOA,4022,4826,2021-03-17 13:52:37.502961,966
82,MONCLOA,4022,4711,2021-03-17 13:52:37.502961,740
44,CALLAO,4022,5659,2021-03-17 13:52:37.502961,649
44,CALLAO,4022,8299,2021-03-17 13:52:37.502961,115
132,MONCLOA,3291,4832,2021-03-17 13:52:37.503460,439
82,MONCLOA,1717,4655,2021-03-17 13:52:37.503643,43
82,MONCLOA,1717,4718,2021-03-17 13:52:37.503643,389
82,MONCLOA,1727,4718,2021-03-17 13:52:37.504324,186
82,MONCLOA,1727,4713,2021-03-17 13:52:37.504324,563
133,MIRASIERRA,1343,4683,2021-03-17 13:52:37.505840,230
133,MIRASIERRA,1343,4685,2021-03-17 13:52:37.505840,446
44,MARQUES DE VIANA,743,5656,2021-03-17 13:52:37.506237,170
82,PITIS,743,4656,2021-03-17 13:52:37.506237,356
132,HOSPITAL LA PAZ,743,4831,2021-03-17 13:52:37.506237,88
44,MARQUES DE VIANA,743,5652,2021-03-17 13:52:37.506237,582
1,CRISTO REY,743,120,2021-03-17 13:52:37.506237,1144
132,HOSPITAL LA PAZ,743,8312,2021-03-17 13:52:37.506237,516
1,CRISTO REY,743,115,2021-03-17 13:52:37.506237,1356
132,MONCLOA,1371,4832,2021-03-17 13:52:37.509081,655
132,MONCLOA,1371,4719,2021-03-17 13:52:37.509081,174
82,MONCLOA,1700,4718,2021-03-17 13:52:37.510249,1027
82,MONCLOA,1700,4655,2021-03-17 13:52:37.510249,673
133,MIRASIERRA,283,4702,2021-03-17 13:52:37.511169,85
44,MARQUES DE VIANA,283,5657,2021-03-17 13:52:37.511169,798
44,MARQUES DE VIANA,283,8297,2021-03-17 13:52:37.511169,119
1,CRISTO REY,283,115,2021-03-17 13:52:37.511169,483
133,MIRASIERRA,283,4704,2021-03-17 13:52:37.511169,493
1,CRISTO REY,283,120,2021-03-17 13:52:37.511169,218
132,HOSPITAL LA PAZ,1674,8314,2021-03-17 13:52:37.511714,408
132,HOSPITAL LA PAZ,1674,4830,2021-03-17 13:52:37.511714,860
82,PITIS,1684,4656,2021-03-17 13:52:37.512979,517
132,HOSPITAL LA PAZ,1684,8312,2021-03-17 13:52:37.512979,708
82,PITIS,1684,4705,2021-03-17 13:52:37.512979,179
132,HOSPITAL LA PAZ,1684,4831,2021-03-17 13:52:37.512979,280
44,CALLAO,1671,5660,2021-03-17 13:52:37.513663,762
44,CALLAO,1671,5655,2021-03-17 13:52:37.513663,360
132,MONCLOA,1604,4827,2021-03-17 13:52:37.514239,796
132,MONCLOA,1604,4832,2021-03-17 13:52:37.514239,376
44,CALLAO,1677,5660,2021-03-17 13:52:37.518293,473
44,CALLAO,1677,5655,2021-03-17 13:52:37.518293,80
82,MONCLOA,1690,4711,2021-03-17 13:52:37.518856,216
82,MONCLOA,1690,4717,2021-03-17 13:52:37.518856,208
132,MONCLOA,1690,4826,2021-03-17 13:52:37.518856,393
132,MONCLOA,1690,8329,2021-03-17 13:52:37.518856,603
82,PITIS,1716,4721,2021-03-17 13:52:37.518891,470
82,PITIS,1716,4722,2021-03-17 13:52:37.518891,571
44,MARQUES DE VIANA,2392,5656,2021-03-17 13:52:37.518902,344
44,MARQUES DE VIANA,2392,5652,2021-03-17 13:52:37.518902,763
82,PITIS,1701,4722,2021-03-17 13:52:37.519267,13
82,PITIS,1701,4705,2021-03-17 13:52:37.519267,640
133,CALLAO,1355,4695,2021-03-17 13:52:37.519793,250
133,CALLAO,1355,4687,2021-03-17 13:52:37.519793,738
132,MONCLOA,1515,4825,2021-03-17 13:52:37.522576,369
132,MONCLOA,1509,4825,2021-03-17 13:52:37.571925,207
132,MONCLOA,1509,4719,2021-03-17 13:52:37.571925,631
132,HOSPITAL LA PAZ,3285,8314,2021-03-17 13:52:37.627804,285
132,HOSPITAL LA PAZ,3285,4830,2021-03-17 13:52:37.627804,720
132,MONCLOA,1656,4825,2021-03-17 13:52:37.636184,524
132,MONCLOA,1656,4824,2021-03-17 13:52:37.636184,125
132,MONCLOA,1511,4825,2021-03-17 13:52:37.636255,244
132,MONCLOA,1511,4719,2021-03-17 13:52:37.636255,675
132,MONCLOA,3287,4719,2021-03-17 13:52:37.636882,552
132,MONCLOA,3287,4825,2021-03-17 13:52:37.636882,114
132,MONCLOA,3274,4826,2021-03-17 13:52:37.637567,240
132,MONCLOA,3274,8329,2021-03-17 13:52:37.637567,423
133,CALLAO,1615,4689,2021-03-17 13:52:37.641048,579
133,CALLAO,1615,4687,2021-03-17 13:52:37.641048,289
1,CRISTO REY,451,121,2021-03-17 13:52:37.641177,741
1,CRISTO REY,451,117,2021-03-17 13:52:37.641177,75
132,HOSPITAL LA PAZ,1649,4829,2021-03-17 13:52:37.642890,65
82,PITIS,3756,4721,2021-03-17 13:52:37.645587,409
82,PITIS,3756,4722,2021-03-17 13:52:37.645587,498
132,HOSPITAL LA PAZ,3288,4827,2021-03-17 13:52:37.648234,40
132,HOSPITAL LA PAZ,3288,4737,2021-03-17 13:52:37.648234,352
82,PITIS,4021,4723,2021-03-17 13:52:37.681916,669
132,HOSPITAL LA PAZ,4021,8312,2021-03-17 13:52:37.681916,419
1,CRISTO REY,4021,115,2021-03-17 13:52:37.681916,1101
1,CRISTO REY,4021,120,2021-03-17 13:52:37.681916,836
44,MARQUES DE VIANA,4021,5656,2021-03-17 13:52:37.681916,4
82,PITIS,4021,4656,2021-03-17 13:52:37.681916,251
44,MARQUES DE VIANA,4021,5652,2021-03-17 13:52:37.681916,423
132,HOSPITAL LA PAZ,1653,4829,2021-03-17 13:52:37.682411,189
132,HOSPITAL LA PAZ,1653,8313,2021-03-17 13:52:37.682411,119
133,MIRASIERRA,5382,4701,2021-03-17 13:52:37.683564,356
133,MIRASIERRA,5382,4693,2021-03-17 13:52:37.683564,448
132,MONCLOA,1646,4824,2021-03-17 13:52:37.996163,424
132,MONCLOA,1646,4825,2021-03-17 13:52:37.996163,871
132,HOSPITAL LA PAZ,1510,4829,2021-03-17 13:52:38.072842,522
132,HOSPITAL LA PAZ,1510,8313,2021-03-17 13:52:38.072842,488
44,CALLAO,2401,5655,2021-03-17 13:52:38.115299,184
44,CALLAO,2401,5660,2021-03-17 13:52:38.115299,554
132,HOSPITAL LA PAZ,1516,4829,2021-03-17 13:52:38.115493,343
132,HOSPITAL LA PAZ,1516,8313,2021-03-17 13:52:38.115493,324
1,CRISTO REY,732,119,2021-03-17 13:52:38.115721,1014
1,CRISTO REY,732,121,2021-03-17 13:52:38.115721,295
132,HOSPITAL LA PAZ,1514,4829,2021-03-17 13:52:38.166757,425
132,HOSPITAL LA PAZ,1514,8313,2021-03-17 13:52:38.166757,364
132,HOSPITAL LA PAZ,1577,8314,2021-03-17 13:52:38.167582,543
132,HOSPITAL LA PAZ,1577,4830,2021-03-17 13:52:38.167582,1011
132,HOSPITAL LA PAZ,1686,4831,2021-03-17 13:52:38.181915,330
82,PITIS,1686,4656,2021-03-17 13:52:38.181915,548
132,HOSPITAL LA PAZ,1686,8312,2021-03-17 13:52:38.181915,758
82,PITIS,1686,4705,2021-03-17 13:52:38.181915,211
82,MONCLOA,1738,4713,2021-03-17 13:52:38.183720,420
82,MONCLOA,1738,4718,2021-03-17 13:52:38.183720,46
133,CALLAO,1617,4689,2021-03-17 13:52:38.192707,627
133,CALLAO,1617,4687,2021-03-17 13:52:38.192707,298
133,CALLAO,1346,4724,2021-03-17 13:52:38.192994,166
132,MONCLOA,1652,4824,2021-03-17 13:52:38.193139,268
132,MONCLOA,1652,4825,2021-03-17 13:52:38.193139,727
132,HOSPITAL LA PAZ,1657,8313,2021-03-17 13:52:38.193416,266
132,HOSPITAL LA PAZ,1657,4829,2021-03-17 13:52:38.193416,287
44,MARQUES DE VIANA,2394,5656,2021-03-17 13:52:38.193749,447
44,MARQUES DE VIANA,2394,5652,2021-03-17 13:52:38.193749,856
132,HOSPITAL LA PAZ,4175,8312,2021-03-17 13:52:38.199914,583
82,PITIS,4175,4705,2021-03-17 13:52:38.199914,58
82,PITIS,4175,4656,2021-03-17 13:52:38.199914,403
132,HOSPITAL LA PAZ,4175,4831,2021-03-17 13:52:38.199914,155
82,MONCLOA,1694,4711,2021-03-17 13:52:38.201325,94
82,MONCLOA,1694,4717,2021-03-17 13:52:38.201325,94
82,PITIS,1705,4722,2021-03-17 13:52:38.201431,126
44,CALLAO,1669,5660,2021-03-17 13:52:38.201485,895
44,CALLAO,1669,5655,2021-03-17 13:52:38.201485,489
82,PITIS,1697,4656,2021-03-17 13:52:38.201676,851
82,PITIS,1697,4705,2021-03-17 13:52:38.201676,530
44,CALLAO,1667,5655,2021-03-17 13:52:38.201736,513
44,CALLAO,1667,5660,2021-03-17 13:52:38.201736,907
44,MARQUES DE VIANA,738,5652,2021-03-17 13:52:38.201867,285
1,CRISTO REY,738,120,2021-03-17 13:52:38.201867,668
133,MIRASIERRA,738,4702,2021-03-17 13:52:38.201867,409
44,MARQUES DE VIANA,738,8297,2021-03-17 13:52:38.201867,562
1,CRISTO REY,738,115,2021-03-17 13:52:38.201867,893
133,MIRASIERRA,738,4835,2021-03-17 13:52:38.201867,65
132,MONCLOA,3289,4832,2021-03-17 13:52:38.212542,476
82,MONCLOA,1712,4655,2021-03-17 13:52:38.228937,295
82,MONCLOA,1712,4718,2021-03-17 13:52:38.228937,654
133,CALLAO,3295,4689,2021-03-17 13:52:38.229183,270
133,MIRASIERRA,1351,4683,2021-03-17 13:52:38.229342,510
133,MIRASIERRA,1351,4685,2021-03-17 13:52:38.229342,685
133,MIRASIERRA,1637,4701,2021-03-17 13:52:38.229858,395
133,MIRASIERRA,1637,4693,2021-03-17 13:52:38.229858,485
44,CALLAO,1679,5655,2021-03-17 13:52:38.231368,18
44,CALLAO,1679,5660,2021-03-17 13:52:38.231368,431
133,CALLAO,1344,5475,2021-03-17 13:52:38.232544,33
133,CALLAO,1344,4724,2021-03-17 13:52:38.232544,194
133,MIRASIERRA,3293,4693,2021-03-17 13:52:38.232912,537
133,MIRASIERRA,3293,4701,2021-03-17 13:52:38.232912,497
82,PITIS,4285,4705,2021-03-17 13:52:38.234108,468
82,PITIS,4285,4656,2021-03-17 13:52:38.234108,807
133,CALLAO,3572,4698,2021-03-17 13:52:38.234220,556
133,CALLAO,3572,4689,2021-03-17 13:52:38.234220,195
82,PITIS,1709,4722,2021-03-17 13:52:38.235236,305
82,PITIS,1709,4721,2021-03-17 13:52:38.235236,179
44,CALLAO,2391,5655,2021-03-17 13:52:38.235504,992
44,CALLAO,2391,5659,2021-03-17 13:52:38.235504,351
133,CALLAO,1350,4724,2021-03-17 13:52:38.236326,4
133,CALLAO,1350,4695,2021-03-17 13:52:38.236326,463
82,PITIS,1691,4656,2021-03-17 13:52:38.237222,728
132,HOSPITAL LA PAZ,1691,4831,2021-03-17 13:52:38.237222,471
82,PITIS,1691,4705,2021-03-17 13:52:38.237222,405
132,HOSPITAL LA PAZ,1691,4830,2021-03-17 13:52:38.237222,60
1,PROSPERIDAD,727,8294,2021-03-17 13:52:38.237726,783
1,PROSPERIDAD,727,116,2021-03-17 13:52:38.237726,42
133,MIRASIERRA,1330,4685,2021-03-17 13:52:38.238308,44
133,MIRASIERRA,1330,4835,2021-03-17 13:52:38.238308,283
133,MIRASIERRA,1745,4701,2021-03-17 13:52:38.238455,727
133,MIRASIERRA,1745,4698,2021-03-17 13:52:38.238455,7
133,CALLAO,1353,4695,2021-03-17 13:52:38.238798,347
133,CALLAO,1353,4687,2021-03-17 13:52:38.238798,836
132,HOSPITAL LA PAZ,1786,4829,2021-03-17 13:52:38.239770,599
132,HOSPITAL LA PAZ,1786,8313,2021-03-17 13:52:38.239770,569
82,MONCLOA,1704,4718,2021-03-17 13:52:38.240485,932
82,MONCLOA,1704,4655,2021-03-17 13:52:38.240485,529
133,CALLAO,193,4692,2021-03-17 13:52:38.240529,78
44,CALLAO,193,5653,2021-03-17 13:52:38.240529,129
1,PROSPERIDAD,193,122,2021-03-17 13:52:38.240529,373
44,CALLAO,193,8299,2021-03-17 13:52:38.240529,464
133,CALLAO,193,4724,2021-03-17 13:52:38.240529,896
1,PROSPERIDAD,193,124,2021-03-17 13:52:38.240529,386
132,MONCLOA,3286,8329,2021-03-17 13:52:38.240810,174
133,CALLAO,1331,5475,2021-03-17 13:52:38.240834,430
82,MONCLOA,1331,4717,2021-03-17 13:52:38.240834,417
82,MONCLOA,1696,4717,2021-03-17 13:52:38.240834,64
132,MONCLOA,1331,4826,2021-03-17 13:52:38.240834,631
82,MONCLOA,1331,4711,2021-03-17 13:52:38.240834,440
82,MONCLOA,1696,4711,2021-03-17 13:52:38.240834,59
133,CALLAO,1331,4724,2021-03-17 13:52:38.240834,519
133,MIRASIERRA,1614,4693,2021-03-17 13:52:38.240921,347
133,MIRASIERRA,1614,4701,2021-03-17 13:52:38.240921,255
132,MONCLOA,3282,4826,2021-03-17 13:52:38.241140,89
132,MONCLOA,3282,8329,2021-03-17 13:52:38.241140,255
132,HOSPITAL LA PAZ,3278,4830,2021-03-17 13:52:38.243231,475
132,MONCLOA,1513,4719,2021-03-17 13:52:38.354078,759
132,MONCLOA,1513,4825,2021-03-17 13:52:38.354078,325
133,MIRASIERRA,1750,4704,2021-03-17 13:52:38.363997,571
44,MARQUES DE VIANA,1750,5657,2021-03-17 13:52:38.363997,848
1,CRISTO REY,1750,115,2021-03-17 13:52:38.363997,536
44,MARQUES DE VIANA,1750,8297,2021-03-17 13:52:38.363997,205
133,MIRASIERRA,1750,4702,2021-03-17 13:52:38.363997,163
1,CRISTO REY,1750,120,2021-03-17 13:52:38.363997,290
132,HOSPITAL LA PAZ,1643,8314,2021-03-17 13:52:38.538480,678
132,HOSPITAL LA PAZ,1643,4830,2021-03-17 13:52:38.538480,1147
1,PROSPERIDAD,737,122,2021-03-17 13:52:38.560967,174
44,CALLAO,737,8299,2021-03-17 13:52:38.560967,262
1,PROSPERIDAD,737,124,2021-03-17 13:52:38.560967,192
44,CALLAO,737,5659,2021-03-17 13:52:38.560967,761
133,CALLAO,737,4724,2021-03-17 13:52:38.560967,723
133,CALLAO,737,5475,2021-03-17 13:52:38.560967,684
132,HOSPITAL LA PAZ,1605,4827,2021-03-17 13:52:38.566553,129
132,HOSPITAL LA PAZ,1605,4737,2021-03-17 13:52:38.566553,428
82,MONCLOA,4292,4710,2021-03-17 13:52:38.707187,500
82,MONCLOA,4292,4713,2021-03-17 13:52:38.707187,81
1,PROSPERIDAD,426,8294,2021-03-17 13:52:38.746206,391
1,PROSPERIDAD,426,4720,2021-03-17 13:52:38.746206,836
82,PITIS,1730,4721,2021-03-17 13:52:38.770676,853
82,PITIS,1730,4706,2021-03-17 13:52:38.770676,117
132,HOSPITAL LA PAZ,1687,4831,2021-03-17 13:52:38.771096,387
82,PITIS,1687,4656,2021-03-17 13:52:38.771096,587
82,PITIS,1687,4705,2021-03-17 13:52:38.771096,233
1,CRISTO REY,718,118,2021-03-17 13:52:38.778564,1035
1,CRISTO REY,718,119,2021-03-17 13:52:38.778564,298
1,CRISTO REY,725,119,2021-03-17 13:52:38.778685,640
1,CRISTO REY,725,118,2021-03-17 13:52:38.778685,1377
132,HOSPITAL LA PAZ,5140,4830,2021-03-17 13:52:38.778805,527
132,HOSPITAL LA PAZ,5140,8314,2021-03-17 13:52:38.778805,71
82,MONCLOA,1731,4718,2021-03-17 13:52:38.782661,104
82,MONCLOA,1731,4713,2021-03-17 13:52:38.782661,462
82,MONCLOA,1692,4711,2021-03-17 13:52:38.782749,165
132,MONCLOA,1692,8329,2021-03-17 13:52:38.782749,506
82,MONCLOA,1692,4717,2021-03-17 13:52:38.782749,160
132,MONCLOA,1692,4826,2021-03-17 13:52:38.782749,331
44,MARQUES DE VIANA,734,8297,2021-03-17 13:52:38.784635,373
133,MIRASIERRA,734,4704,2021-03-17 13:52:38.784635,678
1,CRISTO REY,734,120,2021-03-17 13:52:38.784635,457
133,MIRASIERRA,734,4702,2021-03-17 13:52:38.784635,270
44,MARQUES DE VIANA,734,5652,2021-03-17 13:52:38.784635,95
1,CRISTO REY,734,115,2021-03-17 13:52:38.784635,703
1,PROSPERIDAD,70,122,2021-03-17 13:52:38.784664,1362
1,PROSPERIDAD,70,4720,2021-03-17 13:52:38.784664,331
133,MIRASIERRA,1341,4685,2021-03-17 13:52:38.784781,384
133,MIRASIERRA,1341,4683,2021-03-17 13:52:38.784781,166
133,MIRASIERRA,1338,4685,2021-03-17 13:52:38.785031,231
132,HOSPITAL LA PAZ,1372,4737,2021-03-17 13:52:38.785638,188
132,HOSPITAL LA PAZ,1372,8313,2021-03-17 13:52:38.785638,1052
1,PROSPERIDAD,724,122,2021-03-17 13:52:38.786087,1109
1,PROSPERIDAD,724,4720,2021-03-17 13:52:38.786087,63
133,CALLAO,1360,4687,2021-03-17 13:52:38.787135,378
133,CALLAO,1360,4689,2021-03-17 13:52:38.787135,694
82,PITIS,1718,4722,2021-03-17 13:52:38.795535,608
82,PITIS,1718,4721,2021-03-17 13:52:38.795535,530
132,MONCLOA,1379,4719,2021-03-17 13:52:38.797086,56
132,MONCLOA,1379,4832,2021-03-17 13:52:38.797086,536
1,PROSPERIDAD,2304,8294,2021-03-17 13:52:38.798488,1056
1,PROSPERIDAD,2304,116,2021-03-17 13:52:38.798488,306
133,MIRASIERRA,1340,4685,2021-03-17 13:52:38.798559,288
133,MIRASIERRA,1340,4683,2021-03-17 13:52:38.798559,56
44,MARQUES DE VIANA,2402,5660,2021-03-17 13:52:38.799515,116
44,MARQUES DE VIANA,2402,5661,2021-03-17 13:52:38.799515,295
133,MIRASIERRA,1354,4683,2021-03-17 13:52:38.799939,639
133,MIRASIERRA,1354,4684,2021-03-17 13:52:38.799939,61
82,MONCLOA,1725,4718,2021-03-17 13:52:38.800407,198
82,MONCLOA,1725,4713,2021-03-17 13:52:38.800407,580
132,MONCLOA,1658,4825,2021-03-17 13:52:38.800681,482
132,MONCLOA,1658,4824,2021-03-17 13:52:38.800681,43
44,MARQUES DE VIANA,168,5657,2021-03-17 13:52:38.801111,660
1,CRISTO REY,168,115,2021-03-17 13:52:38.801111,260
1,CRISTO REY,168,120,2021-03-17 13:52:38.801111,12
133,MIRASIERRA,168,4704,2021-03-17 13:52:38.801111,306
1,CRISTO REY,730,121,2021-03-17 13:52:38.801541,176
1,CRISTO REY,730,119,2021-03-17 13:52:38.801541,895
133,MIRASIERRA,3688,4835,2021-03-17 13:52:38.804192,151
82,PITIS,3688,4656,2021-03-17 13:52:38.804192,124
82,PITIS,3688,4723,2021-03-17 13:52:38.804192,544
132,HOSPITAL LA PAZ,3688,8312,2021-03-17 13:52:38.804192,317
132,HOSPITAL LA PAZ,3688,8310,2021-03-17 13:52:38.804192,736
133,CALLAO,3229,4687,2021-03-17 13:52:38.807984,129
133,CALLAO,3229,4689,2021-03-17 13:52:38.807984,417
82,MONCLOA,1721,4713,2021-03-17 13:52:38.814235,681
82,MONCLOA,1721,4718,2021-03-17 13:52:38.814235,310
44,MARQUES DE VIANA,4816,5652,2021-03-17 13:52:38.814310,356
44,MARQUES DE VIANA,4816,8297,2021-03-17 13:52:38.814310,638
1,CRISTO REY,4816,115,2021-03-17 13:52:38.814310,948
1,CRISTO REY,4816,120,2021-03-17 13:52:38.814310,723
44,CALLAO,2399,5660,2021-03-17 13:52:38.814622,640
44,CALLAO,2399,5655,2021-03-17 13:52:38.814622,236
133,MIRASIERRA,5456,4684,2021-03-17 13:52:38.814738,164
132,MONCLOA,1688,4826,2021-03-17 13:52:38.814859,457
82,MONCLOA,1688,4717,2021-03-17 13:52:38.814859,264
82,MONCLOA,1688,4711,2021-03-17 13:52:38.814859,276
132,MONCLOA,1688,8329,2021-03-17 13:52:38.814859,676
132,MONCLOA,3292,4826,2021-03-17 13:52:38.833564,170
132,MONCLOA,3292,8329,2021-03-17 13:52:38.833564,333
1,PROSPERIDAD,715,8294,2021-03-17 13:52:38.835790,1465
1,PROSPERIDAD,715,116,2021-03-17 13:52:38.835790,723
82,PITIS,3391,4722,2021-03-17 13:52:38.837813,225
82,PITIS,3391,4721,2021-03-17 13:52:38.837813,72
133,CALLAO,1333,5475,2021-03-17 13:52:38.841108,305
133,CALLAO,1333,4724,2021-03-17 13:52:38.841108,449
44,MARQUES DE VIANA,1678,5661,2021-03-17 13:52:38.841244,255
44,MARQUES DE VIANA,1678,5660,2021-03-17 13:52:38.841244,76
44,CALLAO,2395,5655,2021-03-17 13:52:38.878458,715
44,CALLAO,2395,5659,2021-03-17 13:52:38.878458,122
132,HOSPITAL LA PAZ,1364,8313,2021-03-17 13:52:38.887566,647
132,HOSPITAL LA PAZ,1364,4829,2021-03-17 13:52:38.887566,673
132,HOSPITAL LA PAZ,1373,4737,2021-03-17 13:52:38.888587,234
132,HOSPITAL LA PAZ,1373,8313,2021-03-17 13:52:38.888587,1071
82,MONCLOA,1634,4718,2021-03-17 13:52:38.888744,165
82,MONCLOA,1634,4713,2021-03-17 13:52:38.888744,528
132,MONCLOA,4643,4825,2021-03-17 13:52:38.889382,685
132,MONCLOA,4643,4824,2021-03-17 13:52:38.889382,226
133,CALLAO,4741,4687,2021-03-17 13:52:38.889657,237
133,CALLAO,4741,4689,2021-03-17 13:52:38.889657,527
133,MIRASIERRA,1618,4693,2021-03-17 13:52:38.906102,264
133,MIRASIERRA,1618,4701,2021-03-17 13:52:38.906102,149
1,CRISTO REY,5135,117,2021-03-17 13:52:38.911919,513
1,CRISTO REY,5135,121,2021-03-17 13:52:38.911919,1174
1,PROSPERIDAD,729,4720,2021-03-17 13:52:40.888685,1171
1,PROSPERIDAD,729,8294,2021-03-17 13:52:40.888685,667
132,MONCLOA,1380,4832,2021-03-17 13:52:40.888818,600
132,MONCLOA,1380,4719,2021-03-17 13:52:40.888818,115
44,MARQUES DE VIANA,1668,5652,2021-03-17 13:53:26.280691,986
44,MARQUES DE VIANA,1668,5656,2021-03-17 13:53:26.280691,521
133,MIRASIERRA,1349,4683,2021-03-17 13:53:26.281246,379
133,MIRASIERRA,1349,4685,2021-03-17 13:53:26.281246,595
133,MIRASIERRA,1359,4693,2021-03-17 13:53:26.281566,157
133,MIRASIERRA,1359,4701,2021-03-17 13:53:26.281566,74
133,MIRASIERRA,3294,4701,2021-03-17 13:53:26.283220,568
133,MIRASIERRA,3294,4693,2021-03-17 13:53:26.283220,593
133,CALLAO,1357,4695,2021-03-17 13:53:26.283643,40
133,CALLAO,1357,4687,2021-03-17 13:53:26.283643,499
1,PROSPERIDAD,717,8294,2021-03-17 13:53:26.283849,1297
1,PROSPERIDAD,717,116,2021-03-17 13:53:26.283849,556
82,PITIS,1329,4656,2021-03-17 13:53:26.287573,33
132,HOSPITAL LA PAZ,1329,8312,2021-03-17 13:53:26.287573,258
132,HOSPITAL LA PAZ,1329,8310,2021-03-17 13:53:26.287573,633
82,PITIS,1329,4723,2021-03-17 13:53:26.287573,454
82,PITIS,1726,4721,2021-03-17 13:53:26.312519,710
44,CALLAO,3682,5661,2021-03-17 13:53:26.322330,613
44,CALLAO,3682,5660,2021-03-17 13:53:26.322330,174
1,CRISTO REY,5137,121,2021-03-17 13:53:26.325941,1167
1,CRISTO REY,5137,117,2021-03-17 13:53:26.325941,510
133,CALLAO,173,4692,2021-03-17 13:53:26.326452,100
44,CALLAO,173,5653,2021-03-17 13:53:26.326452,127
1,PROSPERIDAD,173,122,2021-03-17 13:53:26.326452,427
44,CALLAO,173,8299,2021-03-17 13:53:26.326452,508
1,PROSPERIDAD,173,124,2021-03-17 13:53:26.326452,414
133,CALLAO,173,4724,2021-03-17 13:53:26.326452,889
82,MONCLOA,1698,4717,2021-03-17 13:53:26.327977,4
44,MARQUES DE VIANA,2396,5656,2021-03-17 13:53:26.332892,668
44,MARQUES DE VIANA,2396,5652,2021-03-17 13:53:26.332892,1142
133,MIRASIERRA,1334,4685,2021-03-17 13:53:26.333809,157
133,MIRASIERRA,1334,4835,2021-03-17 13:53:26.333809,337
132,HOSPITAL LA PAZ,1651,8314,2021-03-17 13:53:26.335531,876
132,HOSPITAL LA PAZ,1651,4829,2021-03-17 13:53:26.335531,61
1,PROSPERIDAD,425,4720,2021-03-17 13:53:26.335581,721
1,PROSPERIDAD,425,8294,2021-03-17 13:53:26.335581,223
1,CRISTO REY,9,117,2021-03-17 13:53:26.336190,750
1,CRISTO REY,722,119,2021-03-17 13:53:26.336277,367
1,CRISTO REY,722,118,2021-03-17 13:53:26.336277,1097
132,MONCLOA,1675,8329,2021-03-17 13:53:26.338366,64
132,MONCLOA,1675,4824,2021-03-17 13:53:26.338366,617
132,HOSPITAL LA PAZ,1366,8313,2021-03-17 13:53:26.338892,590
132,HOSPITAL LA PAZ,1366,4829,2021-03-17 13:53:26.338892,709
1,PROSPERIDAD,423,8294,2021-03-17 13:53:26.339098,58
1,PROSPERIDAD,423,4720,2021-03-17 13:53:26.339098,556
1,CRISTO REY,69,121,2021-03-17 13:53:26.339677,965
1,CRISTO REY,69,117,2021-03-17 13:53:26.339677,308
82,PITIS,1635,4721,2021-03-17 13:53:26.339985,783
82,PITIS,1635,4706,2021-03-17 13:53:26.339985,50
44,CALLAO,2393,5659,2021-03-17 13:53:26.340362,238
44,CALLAO,2393,5655,2021-03-17 13:53:26.340362,813
1,PROSPERIDAD,731,4720,2021-03-17 13:53:26.341301,962
1,PROSPERIDAD,731,8294,2021-03-17 13:53:26.341301,491
133,CALLAO,1335,4724,2021-03-17 13:53:26.341397,351
133,CALLAO,1335,5475,2021-03-17 13:53:26.341397,236
44,MARQUES DE VIANA,1676,5661,2021-03-17 13:53:26.341672,158
44,MARQUES DE VIANA,1676,5656,2021-03-17 13:53:26.341672,964
133,CALLAO,1348,4695,2021-03-17 13:53:26.342101,434
133,CALLAO,1348,4724,2021-03-17 13:53:26.342101,14
133,CALLAO,740,4724,2021-03-17 13:53:26.342243,564
133,CALLAO,740,5475,2021-03-17 13:53:26.342243,521
44,CALLAO,3895,5660,2021-03-17 13:53:26.342273,119
44,CALLAO,3895,5661,2021-03-17 13:53:26.342273,572
133,CALLAO,23,5475,2021-03-17 13:53:26.342475,170
133,CALLAO,23,4724,2021-03-17 13:53:26.342475,283
82,MONCLOA,1729,4713,2021-03-17 13:53:26.343350,452
82,MONCLOA,1729,4718,2021-03-17 13:53:26.343350,89
82,PITIS,1693,4705,2021-03-17 13:53:26.343570,404
82,PITIS,1693,4656,2021-03-17 13:53:26.343570,736
1,PROSPERIDAD,162,122,2021-03-17 13:53:26.343780,1521
1,PROSPERIDAD,162,4720,2021-03-17 13:53:26.343780,401
133,MIRASIERRA,1616,4701,2021-03-17 13:53:26.343831,185
133,MIRASIERRA,1616,4693,2021-03-17 13:53:26.343831,261
1,PROSPERIDAD,723,122,2021-03-17 13:53:26.343912,1019
1,PROSPERIDAD,723,124,2021-03-17 13:53:26.343912,1052
82,MONCLOA,1723,4718,2021-03-17 13:53:26.345326,215
82,MONCLOA,1723,4713,2021-03-17 13:53:26.345326,585
132,MONCLOA,3284,8329,2021-03-17 13:53:26.345409,164
82,PITIS,1689,4656,2021-03-17 13:53:26.345951,583
132,HOSPITAL LA PAZ,1689,4831,2021-03-17 13:53:26.345951,362
82,PITIS,1689,4705,2021-03-17 13:53:26.345951,259
132,HOSPITAL LA PAZ,1645,4830,2021-03-17 13:53:26.347385,1168
132,HOSPITAL LA PAZ,1645,8314,2021-03-17 13:53:26.347385,695
82,MONCLOA,1710,4718,2021-03-17 13:53:26.347952,705
82,MONCLOA,1710,4655,2021-03-17 13:53:26.347952,322
1,PROSPERIDAD,169,122,2021-03-17 13:53:26.348025,869
1,PROSPERIDAD,169,124,2021-03-17 13:53:26.348025,841
132,HOSPITAL LA PAZ,1368,8313,2021-03-17 13:53:26.348110,723
44,MARQUES DE VIANA,1670,5652,2021-03-17 13:53:26.348199,1036
44,MARQUES DE VIANA,1670,5656,2021-03-17 13:53:26.348199,615
44,CALLAO,735,5659,2021-03-17 13:53:26.348264,833
1,PROSPERIDAD,735,124,2021-03-17 13:53:26.348264,212
133,CALLAO,735,5475,2021-03-17 13:53:26.348264,700
44,CALLAO,735,8299,2021-03-17 13:53:26.348264,310
1,PROSPERIDAD,735,122,2021-03-17 13:53:26.348264,238
133,CALLAO,735,4724,2021-03-17 13:53:26.348264,732
132,MONCLOA,1602,4832,2021-03-17 13:53:26.348307,212
132,MONCLOA,1602,4827,2021-03-17 13:53:26.348307,633
82,MONCLOA,1706,4718,2021-03-17 13:53:26.348358,808
82,MONCLOA,1706,4655,2021-03-17 13:53:26.348358,467
132,MONCLOA,1367,4832,2021-03-17 13:53:26.348556,787
132,MONCLOA,1367,4719,2021-03-17 13:53:26.348556,340
82,PITIS,4282,4710,2021-03-17 13:53:26.349475,15
82,PITIS,4282,4733,2021-03-17 13:53:26.349475,52
44,MARQUES DE VIANA,2400,5656,2021-03-17 13:53:26.349865,776
44,CALLAO,2397,5660,2021-03-17 13:53:26.638718,630
44,CALLAO,2397,5655,2021-03-17 13:53:26.638718,205
82,MONCLOA,1715,4655,2021-03-17 13:53:26.665281,29
82,MONCLOA,1715,4718,2021-03-17 13:53:26.665281,437
82,MONCLOA,5370,4717,2021-03-17 13:53:26.866336,30
82,MONCLOA,5370,4711,2021-03-17 13:53:26.866336,27
82,MONCLOA,5716,4655,2021-03-17 13:53:26.891972,429
82,MONCLOA,5716,4718,2021-03-17 13:53:26.891972,794
44,CALLAO,5098,5655,2021-03-17 13:53:26.899839,492
44,CALLAO,5098,5660,2021-03-17 13:53:26.899839,915
82,MONCLOA,1713,4718,2021-03-17 13:53:26.899863,478
82,MONCLOA,1713,4655,2021-03-17 13:53:26.899863,61
133,CALLAO,1749,4698,2021-03-17 13:53:26.899886,452
133,CALLAO,1749,4689,2021-03-17 13:53:26.899886,93
1,CRISTO REY,452,121,2021-03-17 13:53:26.899968,789
1,CRISTO REY,452,117,2021-03-17 13:53:26.899968,106
133,CALLAO,5652,4687,2021-03-17 13:53:26.900190,744
133,CALLAO,5652,4695,2021-03-17 13:53:26.900190,283
132,HOSPITAL LA PAZ,1370,4737,2021-03-17 13:53:26.900512,52
132,HOSPITAL LA PAZ,1370,8313,2021-03-17 13:53:26.900512,839
132,HOSPITAL LA PAZ,1647,8314,2021-03-17 13:53:26.900659,733
82,MONCLOA,3047,4717,2021-03-17 13:53:26.908044,709
132,MONCLOA,3047,4703,2021-03-17 13:53:26.908044,410
1,PROSPERIDAD,745,116,2021-03-17 13:53:26.911726,831
133,MIRASIERRA,1347,4683,2021-03-17 13:53:26.914477,277
133,MIRASIERRA,1347,4685,2021-03-17 13:53:26.914477,517
132,MONCLOA,1578,4824,2021-03-17 13:53:26.920109,549
132,HOSPITAL LA PAZ,3283,8314,2021-03-17 13:53:26.925157,198
132,HOSPITAL LA PAZ,3283,4830,2021-03-17 13:53:26.925157,627
133,CALLAO,1342,5475,2021-03-17 13:53:26.930072,48
133,CALLAO,1342,4724,2021-03-17 13:53:26.930072,182
82,PITIS,1722,4722,2021-03-17 13:53:26.931236,708
82,PITIS,1722,4721,2021-03-17 13:53:26.931236,610
132,MONCLOA,1685,4826,2021-03-17 13:53:26.932494,512
82,MONCLOA,1685,4717,2021-03-17 13:53:26.932494,340
132,MONCLOA,1685,8329,2021-03-17 13:53:26.932494,675
82,MONCLOA,1685,4711,2021-03-17 13:53:26.932494,360
44,CALLAO,5139,8299,2021-03-17 13:53:26.934501,806
44,CALLAO,5139,5653,2021-03-17 13:53:26.934501,463
133,CALLAO,5139,4699,2021-03-17 13:53:26.934501,42
133,CALLAO,5139,4692,2021-03-17 13:53:26.934501,432
133,MIRASIERRA,1332,4835,2021-03-17 13:53:26.942923,307
133,MIRASIERRA,1332,4685,2021-03-17 13:53:26.942923,127
1,CRISTO REY,273,118,2021-03-17 13:53:26.943042,692
82,PITIS,5729,4706,2021-03-17 13:53:26.943753,123
82,PITIS,5729,4721,2021-03-17 13:53:26.943753,847
132,HOSPITAL LA PAZ,3276,4831,2021-03-17 13:53:26.947083,551
132,HOSPITAL LA PAZ,3276,4830,2021-03-17 13:53:26.947083,201
44,MARQUES DE VIANA,2398,5656,2021-03-17 13:53:26.947152,739
44,MARQUES DE VIANA,2398,5652,2021-03-17 13:53:26.947152,1208
133,MIRASIERRA,1358,4693,2021-03-17 13:53:26.948443,73
133,CALLAO,3228,4689,2021-03-17 13:53:26.949002,331
133,CALLAO,3228,4687,2021-03-17 13:53:26.949002,36
1,CRISTO REY,161,117,2021-03-17 13:53:26.952837,210
1,CRISTO REY,161,121,2021-03-17 13:53:26.952837,893
1,CRISTO REY,728,119,2021-03-17 13:53:26.952903,689
132,HOSPITAL LA PAZ,3290,4827,2021-03-17 13:53:26.952995,81
132,HOSPITAL LA PAZ,3290,4737,2021-03-17 13:53:26.952995,349
44,MARQUES DE VIANA,803,5652,2021-03-17 13:53:26.954289,614
44,MARQUES DE VIANA,803,5656,2021-03-17 13:53:26.954289,106
82,MONCLOA,1719,4713,2021-03-17 13:53:26.956140,725
82,MONCLOA,1719,4718,2021-03-17 13:53:26.956140,365
82,PITIS,1724,4721,2021-03-17 13:53:26.956680,655
82,PITIS,1724,4722,2021-03-17 13:53:26.956680,779
82,PITIS,1699,4705,2021-03-17 13:53:26.957469,508
82,PITIS,1699,4656,2021-03-17 13:53:26.957469,827
132,HOSPITAL LA PAZ,3273,4830,2021-03-17 13:53:26.958845,106
132,HOSPITAL LA PAZ,3273,4831,2021-03-17 13:53:26.958845,471
132,MONCLOA,1644,4825,2021-03-17 13:53:26.959441,894
132,MONCLOA,1644,4824,2021-03-17 13:53:26.959441,485
1,PROSPERIDAD,3687,124,2021-03-17 13:53:26.959961,1
1,PROSPERIDAD,3687,122,2021-03-17 13:53:26.959961,40
44,CALLAO,3687,8299,2021-03-17 13:53:26.959961,130
44,CALLAO,3687,5659,2021-03-17 13:53:26.959961,633
133,MIRASIERRA,5573,4699,2021-03-17 13:53:26.960173,392
133,MIRASIERRA,5573,4704,2021-03-17 13:53:26.960173,32
1,CRISTO REY,4094,117,2021-03-17 13:53:26.960184,642
1,CRISTO REY,4094,121,2021-03-17 13:53:26.960184,1264
133,MIRASIERRA,172,4702,2021-03-17 13:53:26.960292,170
44,MARQUES DE VIANA,172,8297,2021-03-17 13:53:26.960292,252
1,CRISTO REY,172,120,2021-03-17 13:53:26.960292,266
44,MARQUES DE VIANA,172,5657,2021-03-17 13:53:26.960292,874
133,MIRASIERRA,172,4704,2021-03-17 13:53:26.960292,577
1,CRISTO REY,172,115,2021-03-17 13:53:26.960292,520
82,MONCLOA,1630,4713,2021-03-17 13:53:26.960394,347
1,CRISTO REY,716,118,2021-03-17 13:53:26.960436,780
1,CRISTO REY,716,119,2021-03-17 13:53:26.960436,50
133,MIRASIERRA,1352,4683,2021-03-17 13:53:26.961437,480
133,MIRASIERRA,1352,4685,2021-03-17 13:53:26.961437,716
1,PROSPERIDAD,726,8294,2021-03-17 13:53:26.961611,803
1,PROSPERIDAD,726,116,2021-03-17 13:53:26.961611,88
132,MONCLOA,93,4832,2021-03-17 13:53:26.962230,749
132,MONCLOA,93,4719,2021-03-17 13:53:26.962230,279
133,MIRASIERRA,3296,4701,2021-03-17 13:53:26.962252,627
133,MIRASIERRA,3296,4693,2021-03-17 13:53:26.962252,715
44,MARQUES DE VIANA,2390,5656,2021-03-17 13:53:26.962451,182
44,MARQUES DE VIANA,2390,5652,2021-03-17 13:53:26.962451,666
1,PROSPERIDAD,721,8294,2021-03-17 13:53:26.962807,1123
1,PROSPERIDAD,721,116,2021-03-17 13:53:26.962807,369
133,MIRASIERRA,5793,4683,2021-03-17 13:53:26.962942,181
133,MIRASIERRA,5793,4685,2021-03-17 13:53:26.962942,455
82,PITIS,1720,4722,2021-03-17 13:53:26.963473,666
82,PITIS,1720,4721,2021-03-17 13:53:26.963473,552
132,MONCLOA,1365,4719,2021-03-17 13:53:27.041542,397
133,MIRASIERRA,1336,4685,2021-03-17 13:53:27.065982,196
133,MIRASIERRA,1336,4835,2021-03-17 13:53:27.065982,366
133,MIRASIERRA,1356,4684,2021-03-17 13:53:27.354070,166
1,PROSPERIDAD,164,4720,2021-03-17 13:53:27.398403,107
1,PROSPERIDAD,164,122,2021-03-17 13:53:27.398403,1191
44,CALLAO,2403,5660,2021-03-17 13:53:27.429552,307
44,CALLAO,2403,5661,2021-03-17 13:53:27.429552,752
1,CRISTO REY,2307,119,2021-03-17 13:53:27.429624,498
1,CRISTO REY,2307,118,2021-03-17 13:53:27.429624,1228
44,CALLAO,4514,5659,2021-03-17 13:53:27.429893,530
132,MONCLOA,4514,4703,2021-03-17 13:53:27.429893,191
44,CALLAO,4514,8299,2021-03-17 13:53:27.429893,12
82,MONCLOA,4514,4717,2021-03-17 13:53:27.429893,617
132,MONCLOA,4514,4826,2021-03-17 13:53:27.429893,887
1,PROSPERIDAD,4514,120,2021-03-17 13:53:27.429893,1205
1,PROSPERIDAD,4514,115,2021-03-17 13:53:27.429893,1437
82,MONCLOA,4514,4711,2021-03-17 13:53:27.429893,666
82,PITIS,1711,4722,2021-03-17 13:53:27.443590,365
82,PITIS,1711,4721,2021-03-17 13:53:27.443590,207
44,MARQUES DE VIANA,5572,5657,2021-03-17 13:53:27.443679,332
44,MARQUES DE VIANA,5572,5653,2021-03-17 13:53:27.443679,813
44,MARQUES DE VIANA,5591,5652,2021-03-17 13:53:27.444736,944
44,MARQUES DE VIANA,5591,5656,2021-03-17 13:53:27.444736,506
44,MARQUES DE VIANA,1666,5652,2021-03-17 13:53:27.444759,970
44,MARQUES DE VIANA,1666,5656,2021-03-17 13:53:27.444759,518
132,HOSPITAL LA PAZ,3277,4830,2021-03-17 13:53:27.444905,296
132,HOSPITAL LA PAZ,3277,4831,2021-03-17 13:53:27.444905,632
82,PITIS,1703,4722,2021-03-17 13:53:27.445156,64
82,PITIS,1703,4705,2021-03-17 13:53:27.445156,641
1,PROSPERIDAD,5138,122,2021-03-17 13:53:27.454227,1134
1,PROSPERIDAD,5138,4720,2021-03-17 13:53:27.454227,49
132,MONCLOA,1654,4825,2021-03-17 13:53:27.456097,601
132,MONCLOA,1654,4824,2021-03-17 13:53:27.456097,196
132,HOSPITAL LA PAZ,1512,4829,2021-03-17 13:53:27.458288,436
132,HOSPITAL LA PAZ,1512,8313,2021-03-17 13:53:27.458288,304
44,CALLAO,2389,5655,2021-03-17 13:53:27.461973,982
44,CALLAO,2389,5659,2021-03-17 13:53:27.461973,387
1,PROSPERIDAD,171,124,2021-03-17 13:53:27.462004,710
1,PROSPERIDAD,171,122,2021-03-17 13:53:27.462004,714
132,MONCLOA,1648,4824,2021-03-17 13:53:27.462218,382
132,MONCLOA,1648,4825,2021-03-17 13:53:27.462218,783
133,CALLAO,4968,4689,2021-03-17 13:53:27.462226,32
133,CALLAO,4968,4698,2021-03-17 13:53:27.462226,391
82,PITIS,1633,4706,2021-03-17 13:53:27.462255,5
82,PITIS,1633,4721,2021-03-17 13:53:27.462255,735
132,HOSPITAL LA PAZ,3281,8314,2021-03-17 13:53:27.464872,81
132,HOSPITAL LA PAZ,3281,4830,2021-03-17 13:53:27.464872,528
1,CRISTO REY,733,119,2021-03-17 13:53:27.465164,1146
1,CRISTO REY,733,121,2021-03-17 13:53:27.465164,449
133,MIRASIERRA,1636,4701,2021-03-17 13:53:27.467594,294
133,MIRASIERRA,1636,4693,2021-03-17 13:53:27.467594,381
133,CALLAO,1361,4687,2021-03-17 13:53:27.467746,404
82,MONCLOA,5309,4655,2021-03-17 13:53:27.467764,562
82,MONCLOA,5309,4718,2021-03-17 13:53:27.467764,908
132,MONCLOA,3280,8329,2021-03-17 13:53:27.467787,244
132,MONCLOA,3280,4826,2021-03-17 13:53:27.467787,72
133,CALLAO,1612,4689,2021-03-17 13:53:27.467920,443
133,CALLAO,1612,4687,2021-03-17 13:53:27.467920,147
132,MONCLOA,1650,4824,2021-03-17 13:53:27.468104,337
132,MONCLOA,1650,4825,2021-03-17 13:53:27.468104,702
133,MIRASIERRA,3571,4701,2021-03-17 13:53:27.468324,607
133,MIRASIERRA,3571,4693,2021-03-17 13:53:27.468324,673
82,PITIS,1629,4721,2021-03-17 13:53:27.468604,866
82,PITIS,1629,4706,2021-03-17 13:53:27.468604,140
82,MONCLOA,1700,4718,2021-03-17 13:53:27.468669,977
82,MONCLOA,1700,4655,2021-03-17 13:53:27.468669,623
82,PITIS,1716,4721,2021-03-17 13:53:27.471367,420
82,PITIS,1716,4722,2021-03-17 13:53:27.471367,576
1,CRISTO REY,449,119,2021-03-17 13:53:27.471816,1227
1,CRISTO REY,449,121,2021-03-17 13:53:27.471816,508
132,MONCLOA,1515,4719,2021-03-17 13:53:27.472266,773
132,MONCLOA,1515,4825,2021-03-17 13:53:27.472266,340
82,PITIS,1701,4722,2021-03-17 13:53:27.472283,21
82,PITIS,1701,4705,2021-03-17 13:53:27.472283,598
44,MARQUES DE VIANA,2392,5656,2021-03-17 13:53:27.472342,232
44,MARQUES DE VIANA,2392,5652,2021-03-17 13:53:27.472342,713
132,MONCLOA,3291,4832,2021-03-17 13:53:27.473513,366
132,MONCLOA,3291,4827,2021-03-17 13:53:27.473513,786
133,MIRASIERRA,1343,4685,2021-03-17 13:53:27.473685,425
133,MIRASIERRA,1343,4683,2021-03-17 13:53:27.473685,147
133,CALLAO,1355,4695,2021-03-17 13:53:27.474945,212
133,CALLAO,1355,4687,2021-03-17 13:53:27.474945,688
44,CALLAO,1671,5660,2021-03-17 13:53:27.477047,724
44,CALLAO,1671,5655,2021-03-17 13:53:27.477047,302
132,HOSPITAL LA PAZ,1674,8314,2021-03-17 13:53:27.477647,358
132,HOSPITAL LA PAZ,1674,4830,2021-03-17 13:53:27.477647,810
82,MONCLOA,1690,4711,2021-03-17 13:53:27.484941,210
132,MONCLOA,1690,4826,2021-03-17 13:53:27.484941,343
132,MONCLOA,1690,8329,2021-03-17 13:53:27.484941,553
82,MONCLOA,1690,4717,2021-03-17 13:53:27.484941,201
82,MONCLOA,1717,4718,2021-03-17 13:53:27.485904,396
82,MONCLOA,1727,4718,2021-03-17 13:53:27.486589,141
82,MONCLOA,1727,4713,2021-03-17 13:53:27.486589,513
132,MONCLOA,1604,4832,2021-03-17 13:53:27.486983,325
132,MONCLOA,1604,4827,2021-03-17 13:53:27.486983,746
132,MONCLOA,4022,4826,2021-03-17 13:53:27.487337,916
44,CALLAO,4022,8299,2021-03-17 13:53:27.487337,97
132,MONCLOA,4022,4703,2021-03-17 13:53:27.487337,264
44,CALLAO,4022,5659,2021-03-17 13:53:27.487337,599
82,MONCLOA,4022,4717,2021-03-17 13:53:27.487337,663
82,MONCLOA,4022,4711,2021-03-17 13:53:27.487337,752
1,PROSPERIDAD,729,4720,2021-03-17 13:53:27.488530,1124
1,PROSPERIDAD,729,8294,2021-03-17 13:53:27.488530,620
1,CRISTO REY,736,120,2021-03-17 13:53:27.488637,479
44,MARQUES DE VIANA,736,8297,2021-03-17 13:53:27.488637,417
133,MIRASIERRA,736,4702,2021-03-17 13:53:27.488637,263
44,MARQUES DE VIANA,736,5652,2021-03-17 13:53:27.488637,123
1,CRISTO REY,736,115,2021-03-17 13:53:27.488637,732
132,HOSPITAL LA PAZ,1655,4829,2021-03-17 13:53:27.489394,177
132,HOSPITAL LA PAZ,1655,8313,2021-03-17 13:53:27.489394,63
44,MARQUES DE VIANA,283,8297,2021-03-17 13:53:27.643203,82
133,MIRASIERRA,283,4702,2021-03-17 13:53:27.643203,65
1,CRISTO REY,283,120,2021-03-17 13:53:27.643203,168
44,MARQUES DE VIANA,283,5657,2021-03-17 13:53:27.643203,748
133,MIRASIERRA,283,4704,2021-03-17 13:53:27.643203,442
1,CRISTO REY,283,115,2021-03-17 13:53:27.643203,408
44,CALLAO,1677,5655,2021-03-17 13:53:27.722447,2
44,CALLAO,1677,5660,2021-03-17 13:53:27.722447,433
132,HOSPITAL LA PAZ,1684,4831,2021-03-17 13:53:27.739877,230
82,PITIS,1684,4705,2021-03-17 13:53:27.739877,115
132,HOSPITAL LA PAZ,1684,8312,2021-03-17 13:53:27.739877,658
82,PITIS,1684,4656,2021-03-17 13:53:27.739877,447
132,MONCLOA,1371,4832,2021-03-17 13:53:27.932776,604
132,MONCLOA,1371,4719,2021-03-17 13:53:27.932776,153
44,MARQUES DE VIANA,743,5656,2021-03-17 13:53:27.933514,38
132,HOSPITAL LA PAZ,743,4831,2021-03-17 13:53:27.933514,49
132,HOSPITAL LA PAZ,743,8312,2021-03-17 13:53:27.933514,466
82,PITIS,743,4656,2021-03-17 13:53:27.933514,299
82,PITIS,743,4723,2021-03-17 13:53:27.933514,718
1,CRISTO REY,743,115,2021-03-17 13:53:27.933514,1305
44,MARQUES DE VIANA,743,5652,2021-03-17 13:53:27.933514,531
1,CRISTO REY,743,120,2021-03-17 13:53:27.933514,1094
132,MONCLOA,1380,4832,2021-03-17 13:53:27.963234,553
132,MONCLOA,1380,4719,2021-03-17 13:53:27.963234,102
132,HOSPITAL LA PAZ,3288,4737,2021-03-17 13:53:28.005512,271
132,HOSPITAL LA PAZ,3288,4827,2021-03-17 13:53:28.005512,22
1,CRISTO REY,732,119,2021-03-17 13:53:28.005600,964
1,CRISTO REY,732,121,2021-03-17 13:53:28.005600,245
132,MONCLOA,1646,4824,2021-03-17 13:53:28.006919,408
132,MONCLOA,1646,4825,2021-03-17 13:53:28.006919,821
132,HOSPITAL LA PAZ,1649,8314,2021-03-17 13:53:28.011130,804
132,HOSPITAL LA PAZ,1649,4829,2021-03-17 13:53:28.011130,33
133,CALLAO,1615,4689,2021-03-17 13:53:28.012823,548
133,CALLAO,1615,4687,2021-03-17 13:53:28.012823,239
132,MONCLOA,1509,4719,2021-03-17 13:53:28.012991,580
132,MONCLOA,1509,4825,2021-03-17 13:53:28.012991,157
82,PITIS,3756,4722,2021-03-17 13:53:28.013803,527
82,PITIS,3756,4721,2021-03-17 13:53:28.013803,380
132,MONCLOA,3274,8329,2021-03-17 13:53:28.014158,305
132,MONCLOA,3274,4826,2021-03-17 13:53:28.014158,189
82,PITIS,1686,4705,2021-03-17 13:53:28.015964,144
132,HOSPITAL LA PAZ,1686,4831,2021-03-17 13:53:28.015964,292
82,PITIS,1686,4656,2021-03-17 13:53:28.015964,479
132,HOSPITAL LA PAZ,1686,8312,2021-03-17 13:53:28.015964,785
132,HOSPITAL LA PAZ,3285,8314,2021-03-17 13:53:28.016406,235
132,HOSPITAL LA PAZ,3285,4830,2021-03-17 13:53:28.016406,669
132,HOSPITAL LA PAZ,1514,8313,2021-03-17 13:53:28.017089,243
132,HOSPITAL LA PAZ,1514,4829,2021-03-17 13:53:28.017089,375
132,HOSPITAL LA PAZ,1510,8313,2021-03-17 13:53:28.017168,342
132,HOSPITAL LA PAZ,1510,4829,2021-03-17 13:53:28.017168,473
132,MONCLOA,1656,4825,2021-03-17 13:53:28.017880,517
132,MONCLOA,1656,4824,2021-03-17 13:53:28.017880,88
132,HOSPITAL LA PAZ,1516,8313,2021-03-17 13:53:28.017963,203
132,HOSPITAL LA PAZ,1516,4829,2021-03-17 13:53:28.017963,325
133,MIRASIERRA,5382,4701,2021-03-17 13:53:28.017969,345
133,MIRASIERRA,5382,4693,2021-03-17 13:53:28.017969,398
132,MONCLOA,1511,4825,2021-03-17 13:53:28.024351,202
132,MONCLOA,1511,4719,2021-03-17 13:53:28.024351,625
132,MONCLOA,3287,4825,2021-03-17 13:53:28.024502,60
132,MONCLOA,3287,4719,2021-03-17 13:53:28.024502,493
132,MONCLOA,1652,4824,2021-03-17 13:53:28.024627,279
132,MONCLOA,1652,4825,2021-03-17 13:53:28.024627,677
132,HOSPITAL LA PAZ,1653,4829,2021-03-17 13:53:28.024655,127
132,HOSPITAL LA PAZ,1657,4829,2021-03-17 13:53:28.026287,257
132,HOSPITAL LA PAZ,1657,8313,2021-03-17 13:53:28.026287,136
133,CALLAO,1617,4687,2021-03-17 13:53:28.027487,291
133,CALLAO,1617,4689,2021-03-17 13:53:28.027487,595
82,PITIS,4021,4656,2021-03-17 13:53:28.027641,200
44,MARQUES DE VIANA,4021,8297,2021-03-17 13:53:28.027641,691
132,HOSPITAL LA PAZ,4021,8312,2021-03-17 13:53:28.027641,443
82,PITIS,4021,4723,2021-03-17 13:53:28.027641,619
1,CRISTO REY,4021,120,2021-03-17 13:53:28.027641,777
1,CRISTO REY,4021,115,2021-03-17 13:53:28.027641,1051
44,MARQUES DE VIANA,4021,5652,2021-03-17 13:53:28.027641,390
1,CRISTO REY,451,121,2021-03-17 13:53:28.028306,648
1,CRISTO REY,451,117,2021-03-17 13:53:28.028306,7
44,CALLAO,2401,5655,2021-03-17 13:53:28.036781,105
44,CALLAO,2401,5660,2021-03-17 13:53:28.036781,504
132,HOSPITAL LA PAZ,1577,4830,2021-03-17 13:53:28.036972,961
132,HOSPITAL LA PAZ,1577,8314,2021-03-17 13:53:28.036972,494
82,MONCLOA,1738,4713,2021-03-17 13:53:28.038472,373
82,MONCLOA,1738,4718,2021-03-17 13:53:28.038472,2
44,MARQUES DE VIANA,2394,5652,2021-03-17 13:53:28.052399,806
44,MARQUES DE VIANA,2394,5656,2021-03-17 13:53:28.052399,331
133,CALLAO,1346,4724,2021-03-17 13:53:28.052522,92
133,CALLAO,1346,4695,2021-03-17 13:53:28.052522,512
44,CALLAO,1667,5655,2021-03-17 13:53:28.134197,452
44,CALLAO,1667,5660,2021-03-17 13:53:28.134197,857
82,MONCLOA,1694,4711,2021-03-17 13:53:28.307615,89
82,MONCLOA,1694,4717,2021-03-17 13:53:28.307615,88
133,MIRASIERRA,1637,4693,2021-03-17 13:53:28.311573,435
133,MIRASIERRA,1637,4701,2021-03-17 13:53:28.311573,383
132,MONCLOA,3282,4826,2021-03-17 13:53:28.312625,28
132,MONCLOA,3282,8329,2021-03-17 13:53:28.312625,163
44,CALLAO,1669,5660,2021-03-17 13:53:28.314325,845
44,CALLAO,1669,5655,2021-03-17 13:53:28.314325,405
82,PITIS,1705,4722,2021-03-17 13:53:28.314705,122
82,PITIS,4175,4656,2021-03-17 13:53:28.316411,348
132,HOSPITAL LA PAZ,4175,4831,2021-03-17 13:53:28.316411,117
132,HOSPITAL LA PAZ,4175,8312,2021-03-17 13:53:28.316411,610
44,MARQUES DE VIANA,738,8297,2021-03-17 13:53:28.316681,512
1,CRISTO REY,738,115,2021-03-17 13:53:28.316681,843
44,MARQUES DE VIANA,738,5652,2021-03-17 13:53:28.316681,231
133,MIRASIERRA,738,4835,2021-03-17 13:53:28.316681,20
133,MIRASIERRA,738,4702,2021-03-17 13:53:28.316681,359
1,CRISTO REY,738,120,2021-03-17 13:53:28.316681,618
132,MONCLOA,3289,4832,2021-03-17 13:53:28.319727,426
82,PITIS,1691,4705,2021-03-17 13:53:28.321024,347
132,HOSPITAL LA PAZ,1691,4830,2021-03-17 13:53:28.321024,21
82,PITIS,1691,4656,2021-03-17 13:53:28.321024,667
132,HOSPITAL LA PAZ,1691,4831,2021-03-17 13:53:28.321024,399
133,CALLAO,3295,4689,2021-03-17 13:53:28.322106,236
133,CALLAO,3295,4698,2021-03-17 13:53:28.322106,595
82,MONCLOA,1704,4718,2021-03-17 13:53:28.324487,882
82,MONCLOA,1704,4655,2021-03-17 13:53:28.324487,547
44,CALLAO,1679,5660,2021-03-17 13:53:28.324647,382
44,CALLAO,1679,5661,2021-03-17 13:53:28.324647,821
82,MONCLOA,1696,4711,2021-03-17 13:53:28.328615,54
82,MONCLOA,1696,4717,2021-03-17 13:53:28.328615,55
82,PITIS,1697,4705,2021-03-17 13:53:28.332249,480
82,PITIS,1697,4656,2021-03-17 13:53:28.332249,794
133,MIRASIERRA,1351,4685,2021-03-17 13:53:28.332373,665
133,MIRASIERRA,1351,4683,2021-03-17 13:53:28.332373,460
133,MIRASIERRA,1745,4701,2021-03-17 13:53:28.335957,677
133,MIRASIERRA,3293,4701,2021-03-17 13:53:28.336314,447
133,MIRASIERRA,3293,4693,2021-03-17 13:53:28.336314,487
82,MONCLOA,1712,4718,2021-03-17 13:53:28.373256,604
82,MONCLOA,1712,4655,2021-03-17 13:53:28.373256,245
132,MONCLOA,1331,4826,2021-03-17 13:53:28.375187,601
82,MONCLOA,1331,4711,2021-03-17 13:53:28.375187,433
82,MONCLOA,1331,4717,2021-03-17 13:53:28.375187,407
132,MONCLOA,1331,8329,2021-03-17 13:53:28.375187,753
133,CALLAO,1331,5475,2021-03-17 13:53:28.375187,380
133,CALLAO,1331,4724,2021-03-17 13:53:28.375187,469
1,CRISTO REY,718,119,2021-03-17 13:53:28.638704,255
1,CRISTO REY,718,118,2021-03-17 13:53:28.638704,985
132,HOSPITAL LA PAZ,1786,8313,2021-03-17 13:53:28.649531,420
132,HOSPITAL LA PAZ,1786,4829,2021-03-17 13:53:28.649531,549
133,CALLAO,1353,4695,2021-03-17 13:53:28.649780,302
133,CALLAO,1353,4687,2021-03-17 13:53:28.649780,785
132,HOSPITAL LA PAZ,5140,8314,2021-03-17 13:53:28.649893,21
132,HOSPITAL LA PAZ,5140,4830,2021-03-17 13:53:28.649893,477
1,PROSPERIDAD,727,8294,2021-03-17 13:53:28.650149,733
1,PROSPERIDAD,727,116,2021-03-17 13:53:28.650149,18
132,MONCLOA,3286,4824,2021-03-17 13:53:28.653179,685
132,MONCLOA,3286,8329,2021-03-17 13:53:28.653179,66
82,MONCLOA,4292,4713,2021-03-17 13:53:28.657421,31
82,MONCLOA,4292,4710,2021-03-17 13:53:28.657421,450
1,CRISTO REY,1750,120,2021-03-17 13:53:28.657582,231
44,MARQUES DE VIANA,1750,8297,2021-03-17 13:53:28.657582,168
1,CRISTO REY,1750,115,2021-03-17 13:53:28.657582,485
44,MARQUES DE VIANA,1750,5657,2021-03-17 13:53:28.657582,798
133,MIRASIERRA,1750,4704,2021-03-17 13:53:28.657582,520
133,MIRASIERRA,1750,4702,2021-03-17 13:53:28.657582,143
1,CRISTO REY,725,119,2021-03-17 13:53:28.658980,590
1,CRISTO REY,725,118,2021-03-17 13:53:28.658980,1327
132,HOSPITAL LA PAZ,3278,4830,2021-03-17 13:53:28.659740,425
82,PITIS,1709,4722,2021-03-17 13:53:28.659929,275
82,PITIS,1709,4721,2021-03-17 13:53:28.659929,149
133,MIRASIERRA,1330,4835,2021-03-17 13:53:28.660061,222
133,MIRASIERRA,1330,4685,2021-03-17 13:53:28.660061,41
44,CALLAO,2391,5655,2021-03-17 13:53:28.660851,891
44,CALLAO,2391,5659,2021-03-17 13:53:28.660851,315
132,HOSPITAL LA PAZ,1372,4737,2021-03-17 13:53:28.662801,107
132,HOSPITAL LA PAZ,1372,8313,2021-03-17 13:53:28.662801,895
82,PITIS,1730,4721,2021-03-17 13:53:28.663135,803
82,PITIS,1730,4706,2021-03-17 13:53:28.663135,83
133,CALLAO,1350,4695,2021-03-17 13:53:28.663993,363
133,CALLAO,1350,4687,2021-03-17 13:53:28.663993,856
133,CALLAO,3572,4689,2021-03-17 13:53:28.664114,145
133,CALLAO,3572,4698,2021-03-17 13:53:28.664114,504
1,PROSPERIDAD,426,4720,2021-03-17 13:53:28.664203,785
1,PROSPERIDAD,426,8294,2021-03-17 13:53:28.664203,328
133,MIRASIERRA,1614,4693,2021-03-17 13:53:28.664203,296
133,MIRASIERRA,1614,4701,2021-03-17 13:53:28.664203,223
82,MONCLOA,1692,4717,2021-03-17 13:53:28.665892,154
132,MONCLOA,1692,4826,2021-03-17 13:53:28.665892,281
132,MONCLOA,1692,8329,2021-03-17 13:53:28.665892,456
133,CALLAO,1344,4724,2021-03-17 13:53:28.665892,119
82,MONCLOA,1692,4711,2021-03-17 13:53:28.665892,160
1,PROSPERIDAD,737,124,2021-03-17 13:53:28.666257,158
1,PROSPERIDAD,737,122,2021-03-17 13:53:28.666257,187
44,CALLAO,737,8299,2021-03-17 13:53:28.666257,244
133,CALLAO,737,5475,2021-03-17 13:53:28.666257,633
133,CALLAO,737,4724,2021-03-17 13:53:28.666257,672
44,CALLAO,737,5659,2021-03-17 13:53:28.666257,791
1,PROSPERIDAD,724,122,2021-03-17 13:53:28.666627,1059
82,PITIS,4285,4656,2021-03-17 13:53:28.666849,745
82,PITIS,4285,4705,2021-03-17 13:53:28.666849,425
1,CRISTO REY,734,115,2021-03-17 13:53:28.667142,653
133,MIRASIERRA,734,4704,2021-03-17 13:53:28.667142,628
1,CRISTO REY,734,120,2021-03-17 13:53:28.667142,415
44,MARQUES DE VIANA,734,8297,2021-03-17 13:53:28.667142,323
133,MIRASIERRA,734,4702,2021-03-17 13:53:28.667142,220
44,MARQUES DE VIANA,734,5652,2021-03-17 13:53:28.667142,42
132,MONCLOA,1513,4825,2021-03-17 13:53:28.667404,290
132,MONCLOA,1513,4719,2021-03-17 13:53:28.667404,709
132,HOSPITAL LA PAZ,1605,4827,2021-03-17 13:53:28.667417,123
132,HOSPITAL LA PAZ,1605,4737,2021-03-17 13:53:28.667417,378
44,CALLAO,193,5653,2021-03-17 13:53:28.667669,71
133,CALLAO,193,4692,2021-03-17 13:53:28.667669,27
1,PROSPERIDAD,193,122,2021-03-17 13:53:28.667669,366
44,CALLAO,193,8299,2021-03-17 13:53:28.667669,451
1,PROSPERIDAD,193,124,2021-03-17 13:53:28.667669,349
133,CALLAO,193,5475,2021-03-17 13:53:28.667669,842
132,HOSPITAL LA PAZ,1643,8314,2021-03-17 13:53:28.667717,628
132,HOSPITAL LA PAZ,1643,4830,2021-03-17 13:53:28.667717,1097
82,PITIS,1687,4656,2021-03-17 13:53:28.690068,525
82,PITIS,1687,4705,2021-03-17 13:53:28.690068,193
132,HOSPITAL LA PAZ,1687,8312,2021-03-17 13:53:28.690068,778
132,HOSPITAL LA PAZ,1687,4831,2021-03-17 13:53:28.690068,305
133,MIRASIERRA,1338,4835,2021-03-17 13:53:28.701251,392
133,MIRASIERRA,1338,4685,2021-03-17 13:53:28.701251,221
133,CALLAO,1360,4687,2021-03-17 13:53:28.704038,350
133,CALLAO,1360,4689,2021-03-17 13:53:28.704038,654
82,MONCLOA,1731,4713,2021-03-17 13:53:28.717321,415
82,MONCLOA,1731,4718,2021-03-17 13:53:28.717321,54
1,PROSPERIDAD,70,122,2021-03-17 13:53:28.815864,1312
1,PROSPERIDAD,70,4720,2021-03-17 13:53:28.815864,227
82,PITIS,1718,4722,2021-03-17 13:53:28.926621,614
82,PITIS,1718,4721,2021-03-17 13:53:28.926621,480
82,PITIS,3688,4656,2021-03-17 13:53:28.926930,74
133,MIRASIERRA,3688,4702,2021-03-17 13:53:28.926930,462
132,HOSPITAL LA PAZ,3688,8310,2021-03-17 13:53:28.926930,686
133,MIRASIERRA,3688,4835,2021-03-17 13:53:28.926930,112
132,HOSPITAL LA PAZ,3688,8312,2021-03-17 13:53:28.926930,311
82,PITIS,3688,4723,2021-03-17 13:53:28.926930,494
44,MARQUES DE VIANA,2402,5660,2021-03-17 13:53:28.927789,72
44,MARQUES DE VIANA,2402,5661,2021-03-17 13:53:28.927789,254
133,MIRASIERRA,1341,4683,2021-03-17 13:53:28.932907,77
133,MIRASIERRA,1341,4685,2021-03-17 13:53:28.932907,364
82,MONCLOA,1725,4718,2021-03-17 13:53:28.933113,147
82,MONCLOA,1725,4713,2021-03-17 13:53:28.933113,533
133,MIRASIERRA,168,4704,2021-03-17 13:53:28.935575,256
44,MARQUES DE VIANA,168,5653,2021-03-17 13:53:28.935575,1054
1,CRISTO REY,168,115,2021-03-17 13:53:28.935575,194
133,MIRASIERRA,168,4699,2021-03-17 13:53:28.935575,616
44,MARQUES DE VIANA,168,5657,2021-03-17 13:53:28.935575,573
1,CRISTO REY,168,117,2021-03-17 13:53:28.935575,959
133,CALLAO,3229,4689,2021-03-17 13:53:28.935585,387
133,CALLAO,3229,4687,2021-03-17 13:53:28.935585,83
133,MIRASIERRA,5456,4683,2021-03-17 13:53:28.935957,669
133,MIRASIERRA,5456,4684,2021-03-17 13:53:28.935957,102
133,MIRASIERRA,1340,4685,2021-03-17 13:53:28.936200,270
132,MONCLOA,1379,4719,2021-03-17 13:53:28.936264,35
132,MONCLOA,1379,4832,2021-03-17 13:53:28.936264,486
132,MONCLOA,1658,4825,2021-03-17 13:53:28.937943,436
132,MONCLOA,1658,4824,2021-03-17 13:53:28.937943,7
1,CRISTO REY,730,119,2021-03-17 13:53:28.938021,845
1,CRISTO REY,730,121,2021-03-17 13:53:28.938021,126
82,MONCLOA,1721,4718,2021-03-17 13:53:28.938473,260
82,MONCLOA,1721,4713,2021-03-17 13:53:28.938473,634
133,MIRASIERRA,1354,4683,2021-03-17 13:53:28.938722,526
1,PROSPERIDAD,2304,116,2021-03-17 13:53:28.939519,256
1,PROSPERIDAD,2304,8294,2021-03-17 13:53:28.939519,1006
132,MONCLOA,3292,4826,2021-03-17 13:53:29.081448,112
132,MONCLOA,3292,8329,2021-03-17 13:53:29.081448,240
132,MONCLOA,1688,8329,2021-03-17 13:53:29.090361,527
82,MONCLOA,1688,4717,2021-03-17 13:53:29.090361,252
82,MONCLOA,1688,4711,2021-03-17 13:53:29.090361,254
132,MONCLOA,1688,4826,2021-03-17 13:53:29.090361,407
44,MARQUES DE VIANA,4816,8297,2021-03-17 13:53:29.090537,588
1,CRISTO REY,4816,120,2021-03-17 13:53:29.090537,673
44,MARQUES DE VIANA,4816,5652,2021-03-17 13:53:29.090537,306
1,CRISTO REY,4816,115,2021-03-17 13:53:29.090537,898
44,MARQUES DE VIANA,1678,5661,2021-03-17 13:53:29.097645,213
44,MARQUES DE VIANA,1678,5660,2021-03-17 13:53:29.097645,31
133,MIRASIERRA,1618,4693,2021-03-17 13:53:29.100502,214
133,MIRASIERRA,1618,4701,2021-03-17 13:53:29.100502,136
82,PITIS,3391,4722,2021-03-17 13:53:29.100830,231
82,PITIS,3391,4721,2021-03-17 13:53:29.100830,65
1,CRISTO REY,5135,117,2021-03-17 13:53:29.101053,463
1,CRISTO REY,5135,121,2021-03-17 13:53:29.101053,1124
132,HOSPITAL LA PAZ,1373,8313,2021-03-17 13:53:29.101198,942
132,HOSPITAL LA PAZ,1373,4737,2021-03-17 13:53:29.101198,153
44,CALLAO,2399,5655,2021-03-17 13:53:29.101983,157
44,CALLAO,2399,5660,2021-03-17 13:53:29.101983,590
133,CALLAO,4741,4689,2021-03-17 13:53:29.102094,495
133,CALLAO,4741,4687,2021-03-17 13:53:29.102094,200
132,HOSPITAL LA PAZ,1364,8313,2021-03-17 13:53:29.102147,496
132,HOSPITAL LA PAZ,1364,4829,2021-03-17 13:53:29.102147,622
44,CALLAO,2395,5659,2021-03-17 13:53:29.103736,98
44,CALLAO,2395,5655,2021-03-17 13:53:29.103736,666
133,CALLAO,1333,5475,2021-03-17 13:53:29.103771,255
133,CALLAO,1333,4724,2021-03-17 13:53:29.103771,342
82,MONCLOA,1634,4713,2021-03-17 13:53:29.103805,478
82,MONCLOA,1634,4718,2021-03-17 13:53:29.103805,115
132,MONCLOA,4643,4824,2021-03-17 13:53:29.103905,217
132,MONCLOA,4643,4825,2021-03-17 13:53:29.103905,635
1,PROSPERIDAD,715,116,2021-03-17 13:53:29.104313,673
1,PROSPERIDAD,715,8294,2021-03-17 13:53:29.104313,1415
133,MIRASIERRA,1359,4693,2021-03-17 13:54:16.384309,163
133,MIRASIERRA,1359,4701,2021-03-17 13:54:16.384309,54
44,MARQUES DE VIANA,1668,5652,2021-03-17 13:54:16.384399,936
44,MARQUES DE VIANA,1668,5656,2021-03-17 13:54:16.384399,471
133,CALLAO,1357,4695,2021-03-17 13:54:16.384518,43
133,CALLAO,1357,4687,2021-03-17 13:54:16.384518,449
1,PROSPERIDAD,717,8294,2021-03-17 13:54:16.384719,1255
1,PROSPERIDAD,717,116,2021-03-17 13:54:16.384719,554
44,CALLAO,2393,5659,2021-03-17 13:54:16.403541,188
44,CALLAO,2393,5655,2021-03-17 13:54:16.403541,763
132,HOSPITAL LA PAZ,1329,8312,2021-03-17 13:54:16.403661,269
82,PITIS,1329,4723,2021-03-17 13:54:16.403661,403
132,HOSPITAL LA PAZ,1329,8310,2021-03-17 13:54:16.403661,583
132,HOSPITAL LA PAZ,1651,8314,2021-03-17 13:54:16.403779,826
132,HOSPITAL LA PAZ,1651,4829,2021-03-17 13:54:16.403779,28
133,CALLAO,23,4724,2021-03-17 13:54:16.403789,271
133,CALLAO,23,5475,2021-03-17 13:54:16.403789,143
132,MONCLOA,3284,4824,2021-03-17 13:54:16.403990,660
132,MONCLOA,3284,8329,2021-03-17 13:54:16.403990,86
82,PITIS,1726,4722,2021-03-17 13:54:16.404184,831
82,PITIS,1726,4721,2021-03-17 13:54:16.404184,718
1,PROSPERIDAD,425,4720,2021-03-17 13:54:16.404185,671
1,PROSPERIDAD,425,8294,2021-03-17 13:54:16.404185,115
82,MONCLOA,1729,4713,2021-03-17 13:54:16.409883,400
82,MONCLOA,1729,4718,2021-03-17 13:54:16.409883,39
82,PITIS,4282,4733,2021-03-17 13:54:16.410116,34
1,PROSPERIDAD,423,4720,2021-03-17 13:54:16.410364,506
44,CALLAO,3682,5660,2021-03-17 13:54:16.410771,132
44,CALLAO,3682,5661,2021-03-17 13:54:16.410771,563
133,MIRASIERRA,3294,4693,2021-03-17 13:54:16.412182,569
133,MIRASIERRA,3294,4701,2021-03-17 13:54:16.412182,531
1,CRISTO REY,722,118,2021-03-17 13:54:16.425263,1047
1,CRISTO REY,722,119,2021-03-17 13:54:16.425263,317
44,MARQUES DE VIANA,2400,5656,2021-03-17 13:54:16.427612,744
44,MARQUES DE VIANA,2400,5652,2021-03-17 13:54:16.427612,1169
132,MONCLOA,1602,4827,2021-03-17 13:54:16.428085,583
82,MONCLOA,1706,4718,2021-03-17 13:54:16.430795,758
82,MONCLOA,1706,4655,2021-03-17 13:54:16.430795,412
1,CRISTO REY,9,117,2021-03-17 13:54:16.433400,684
1,CRISTO REY,9,121,2021-03-17 13:54:16.433400,1361
133,MIRASIERRA,1349,4683,2021-03-17 13:54:16.439687,296
133,MIRASIERRA,1349,4685,2021-03-17 13:54:16.439687,544
82,MONCLOA,1710,4655,2021-03-17 13:54:16.440337,267
82,MONCLOA,1710,4718,2021-03-17 13:54:16.440337,655
82,MONCLOA,1698,4655,2021-03-17 13:54:16.440891,681
1,PROSPERIDAD,723,122,2021-03-17 13:54:16.441245,1050
1,PROSPERIDAD,723,124,2021-03-17 13:54:16.441245,1002
132,HOSPITAL LA PAZ,1645,8314,2021-03-17 13:54:16.441306,645
132,HOSPITAL LA PAZ,1645,4830,2021-03-17 13:54:16.441306,1118
82,PITIS,1693,4656,2021-03-17 13:54:16.444223,683
82,PITIS,1693,4705,2021-03-17 13:54:16.444223,381
44,MARQUES DE VIANA,2396,5652,2021-03-17 13:54:16.445198,1092
44,MARQUES DE VIANA,2396,5656,2021-03-17 13:54:16.445198,618
44,CALLAO,3895,5660,2021-03-17 13:54:16.446614,91
44,CALLAO,3895,5661,2021-03-17 13:54:16.446614,522
132,MONCLOA,1367,4719,2021-03-17 13:54:16.446760,290
132,MONCLOA,1367,4832,2021-03-17 13:54:16.446760,737
1,CRISTO REY,5137,121,2021-03-17 13:54:16.446786,1117
1,CRISTO REY,5137,117,2021-03-17 13:54:16.446786,496
133,CALLAO,740,5475,2021-03-17 13:54:16.446962,471
133,CALLAO,740,4724,2021-03-17 13:54:16.446962,514
133,CALLAO,735,4724,2021-03-17 13:54:16.446966,682
44,CALLAO,735,5659,2021-03-17 13:54:16.446966,783
44,CALLAO,735,8299,2021-03-17 13:54:16.446966,292
1,PROSPERIDAD,735,124,2021-03-17 13:54:16.446966,162
1,PROSPERIDAD,735,122,2021-03-17 13:54:16.446966,254
133,CALLAO,735,5475,2021-03-17 13:54:16.446966,650
133,MIRASIERRA,1616,4701,2021-03-17 13:54:16.447319,162
133,MIRASIERRA,1616,4693,2021-03-17 13:54:16.447319,267
1,PROSPERIDAD,162,4720,2021-03-17 13:54:16.447684,351
1,PROSPERIDAD,162,122,2021-03-17 13:54:16.447684,1580
44,MARQUES DE VIANA,1670,5652,2021-03-17 13:54:16.448596,986
44,MARQUES DE VIANA,1670,5656,2021-03-17 13:54:16.448596,565
1,PROSPERIDAD,731,8294,2021-03-17 13:54:16.449419,356
1,PROSPERIDAD,731,4720,2021-03-17 13:54:16.449419,911
1,CRISTO REY,69,121,2021-03-17 13:54:16.449476,915
1,CRISTO REY,69,117,2021-03-17 13:54:16.449476,299
1,PROSPERIDAD,169,124,2021-03-17 13:54:16.449487,840
1,PROSPERIDAD,169,122,2021-03-17 13:54:16.449487,892
82,PITIS,1635,4706,2021-03-17 13:54:16.449586,2
82,PITIS,1635,4721,2021-03-17 13:54:16.449586,732
133,MIRASIERRA,1334,4685,2021-03-17 13:54:16.449614,111
133,MIRASIERRA,1334,4835,2021-03-17 13:54:16.449614,287
133,CALLAO,1335,4724,2021-03-17 13:54:16.450203,297
133,CALLAO,1335,5475,2021-03-17 13:54:16.450203,194
82,MONCLOA,1723,4713,2021-03-17 13:54:16.452391,535
82,MONCLOA,1723,4718,2021-03-17 13:54:16.452391,165
133,CALLAO,1348,4695,2021-03-17 13:54:16.452489,449
132,HOSPITAL LA PAZ,1368,4829,2021-03-17 13:54:16.452498,771
132,HOSPITAL LA PAZ,1368,8313,2021-03-17 13:54:16.452498,648
132,HOSPITAL LA PAZ,1689,4831,2021-03-17 13:54:16.452824,359
82,PITIS,1689,4705,2021-03-17 13:54:16.452824,257
82,PITIS,1689,4656,2021-03-17 13:54:16.452824,542
132,HOSPITAL LA PAZ,1689,8312,2021-03-17 13:54:16.452824,859
133,CALLAO,173,5475,2021-03-17 13:54:16.453113,857
44,CALLAO,173,5653,2021-03-17 13:54:16.453113,64
44,CALLAO,173,8299,2021-03-17 13:54:16.453113,479
1,PROSPERIDAD,173,122,2021-03-17 13:54:16.453113,453
1,PROSPERIDAD,173,124,2021-03-17 13:54:16.453113,364
133,CALLAO,173,4692,2021-03-17 13:54:16.453113,57
132,HOSPITAL LA PAZ,1366,8313,2021-03-17 13:54:16.453260,540
132,HOSPITAL LA PAZ,1366,4829,2021-03-17 13:54:16.453260,659
44,MARQUES DE VIANA,1676,5656,2021-03-17 13:54:16.453311,914
44,MARQUES DE VIANA,1676,5661,2021-03-17 13:54:16.453311,88
132,MONCLOA,1675,4824,2021-03-17 13:54:16.453330,560
44,CALLAO,2397,5660,2021-03-17 13:54:16.717295,561
44,CALLAO,2397,5655,2021-03-17 13:54:16.717295,188
82,MONCLOA,1715,4718,2021-03-17 13:54:16.726951,387
82,MONCLOA,5716,4718,2021-03-17 13:54:16.739526,744
82,MONCLOA,5716,4655,2021-03-17 13:54:16.739526,362
82,MONCLOA,5370,4711,2021-03-17 13:54:16.751289,10
133,CALLAO,1749,4698,2021-03-17 13:54:16.755572,402
133,CALLAO,1749,4689,2021-03-17 13:54:16.755572,42
1,CRISTO REY,452,121,2021-03-17 13:54:16.755655,739
1,CRISTO REY,452,117,2021-03-17 13:54:16.755655,69
133,CALLAO,5652,4695,2021-03-17 13:54:16.756276,236
133,CALLAO,5652,4687,2021-03-17 13:54:16.756276,694
132,HOSPITAL LA PAZ,1647,4830,2021-03-17 13:54:16.757262,1207
132,HOSPITAL LA PAZ,1647,8314,2021-03-17 13:54:16.757262,683
82,MONCLOA,1685,4717,2021-03-17 13:54:16.964811,299
132,MONCLOA,1685,4826,2021-03-17 13:54:16.964811,462
132,MONCLOA,1685,8329,2021-03-17 13:54:16.964811,625
82,MONCLOA,1685,4711,2021-03-17 13:54:16.964811,310
82,MONCLOA,3047,4717,2021-03-17 13:54:16.965369,659
132,MONCLOA,3047,4703,2021-03-17 13:54:16.965369,340
132,HOSPITAL LA PAZ,3273,4830,2021-03-17 13:54:16.973336,95
132,HOSPITAL LA PAZ,3273,4831,2021-03-17 13:54:16.973336,449
133,MIRASIERRA,1332,4685,2021-03-17 13:54:16.973575,82
133,MIRASIERRA,1332,4835,2021-03-17 13:54:16.973575,258
132,MONCLOA,1578,4824,2021-03-17 13:54:16.977132,506
132,MONCLOA,1578,4825,2021-03-17 13:54:16.977132,937
133,MIRASIERRA,3296,4701,2021-03-17 13:54:16.984062,648
133,MIRASIERRA,3296,4693,2021-03-17 13:54:16.984062,665
133,CALLAO,3228,4689,2021-03-17 13:54:16.985748,285
133,MIRASIERRA,5793,4683,2021-03-17 13:54:16.986346,133
133,MIRASIERRA,5793,4685,2021-03-17 13:54:16.986346,405
1,PROSPERIDAD,3687,122,2021-03-17 13:54:16.990984,45
44,CALLAO,3687,8299,2021-03-17 13:54:16.990984,127
44,CALLAO,3687,5659,2021-03-17 13:54:16.990984,646
133,CALLAO,5139,4692,2021-03-17 13:54:16.991492,361
44,CALLAO,5139,8299,2021-03-17 13:54:16.991492,815
44,CALLAO,5139,5653,2021-03-17 13:54:16.991492,413
82,MONCLOA,1713,4655,2021-03-17 13:54:16.993240,29
82,MONCLOA,1713,4718,2021-03-17 13:54:16.993240,428
132,MONCLOA,1644,4825,2021-03-17 13:54:16.997720,844
132,MONCLOA,1644,4824,2021-03-17 13:54:16.997720,435
133,MIRASIERRA,1352,4683,2021-03-17 13:54:16.999736,429
133,MIRASIERRA,1352,4685,2021-03-17 13:54:16.999736,666
132,HOSPITAL LA PAZ,3283,4830,2021-03-17 13:54:17.000949,576
132,HOSPITAL LA PAZ,3283,8314,2021-03-17 13:54:17.000949,148
1,PROSPERIDAD,721,116,2021-03-17 13:54:17.001576,368
1,PROSPERIDAD,721,8294,2021-03-17 13:54:17.001576,1069
132,HOSPITAL LA PAZ,3276,4830,2021-03-17 13:54:17.001961,189
132,HOSPITAL LA PAZ,3276,4831,2021-03-17 13:54:17.001961,528
82,PITIS,1722,4722,2021-03-17 13:54:17.002672,734
82,PITIS,1722,4721,2021-03-17 13:54:17.002672,615
82,PITIS,5729,4721,2021-03-17 13:54:17.003109,872
82,PITIS,5729,4706,2021-03-17 13:54:17.003109,80
1,PROSPERIDAD,745,116,2021-03-17 13:54:17.003109,800
1,PROSPERIDAD,745,8294,2021-03-17 13:54:17.003109,1501
82,PITIS,1724,4721,2021-03-17 13:54:17.003256,668
82,PITIS,1724,4722,2021-03-17 13:54:17.003256,793
132,HOSPITAL LA PAZ,1370,8313,2021-03-17 13:54:17.004858,789
133,MIRASIERRA,5573,4699,2021-03-17 13:54:17.004960,341
1,PROSPERIDAD,726,116,2021-03-17 13:54:17.005213,60
1,PROSPERIDAD,726,8294,2021-03-17 13:54:17.005213,761
132,HOSPITAL LA PAZ,3290,4737,2021-03-17 13:54:17.006280,252
132,HOSPITAL LA PAZ,3290,4827,2021-03-17 13:54:17.006280,8
133,CALLAO,1342,5475,2021-03-17 13:54:17.008064,26
133,CALLAO,1342,4724,2021-03-17 13:54:17.008064,169
1,CRISTO REY,4094,117,2021-03-17 13:54:17.008220,592
1,CRISTO REY,4094,121,2021-03-17 13:54:17.008220,1214
133,MIRASIERRA,1347,4683,2021-03-17 13:54:17.008736,229
133,MIRASIERRA,1347,4685,2021-03-17 13:54:17.008736,467
1,CRISTO REY,273,116,2021-03-17 13:54:17.008884,1362
1,CRISTO REY,273,118,2021-03-17 13:54:17.008884,642
44,CALLAO,5098,5655,2021-03-17 13:54:17.009450,442
44,CALLAO,5098,5660,2021-03-17 13:54:17.009450,865
82,MONCLOA,1630,4713,2021-03-17 13:54:17.009733,297
82,MONCLOA,1630,4710,2021-03-17 13:54:17.009733,714
82,MONCLOA,1719,4718,2021-03-17 13:54:17.009755,315
82,MONCLOA,1719,4713,2021-03-17 13:54:17.009755,674
82,PITIS,1699,4705,2021-03-17 13:54:17.010274,507
82,PITIS,1699,4656,2021-03-17 13:54:17.010274,777
1,CRISTO REY,716,118,2021-03-17 13:54:17.012885,730
1,CRISTO REY,716,119,2021-03-17 13:54:17.012885,27
1,CRISTO REY,728,119,2021-03-17 13:54:17.144676,639
133,MIRASIERRA,172,4702,2021-03-17 13:54:17.144766,122
44,MARQUES DE VIANA,172,5657,2021-03-17 13:54:17.144766,824
133,MIRASIERRA,172,4704,2021-03-17 13:54:17.144766,536
1,CRISTO REY,172,115,2021-03-17 13:54:17.144766,470
1,CRISTO REY,172,120,2021-03-17 13:54:17.144766,216
44,MARQUES DE VIANA,172,8297,2021-03-17 13:54:17.144766,181
44,MARQUES DE VIANA,2398,5652,2021-03-17 13:54:17.145057,1157
44,MARQUES DE VIANA,2398,5656,2021-03-17 13:54:17.145057,689
133,MIRASIERRA,1358,4684,2021-03-17 13:54:17.150584,256
133,MIRASIERRA,1358,4693,2021-03-17 13:54:17.150584,76
1,CRISTO REY,161,121,2021-03-17 13:54:17.153610,843
1,CRISTO REY,161,117,2021-03-17 13:54:17.153610,172
82,PITIS,1720,4721,2021-03-17 13:54:17.157575,506
82,PITIS,1720,4722,2021-03-17 13:54:17.157575,680
132,MONCLOA,93,4719,2021-03-17 13:54:17.163019,229
132,MONCLOA,93,4832,2021-03-17 13:54:17.163019,697
44,MARQUES DE VIANA,803,5656,2021-03-17 13:54:17.165872,75
44,MARQUES DE VIANA,803,5652,2021-03-17 13:54:17.165872,564
133,MIRASIERRA,1336,4835,2021-03-17 13:54:17.170830,347
133,MIRASIERRA,1336,4685,2021-03-17 13:54:17.170830,151
44,MARQUES DE VIANA,1666,5656,2021-03-17 13:54:17.175772,454
44,MARQUES DE VIANA,1666,5652,2021-03-17 13:54:17.175772,921
82,PITIS,1711,4721,2021-03-17 13:54:17.182592,143
82,PITIS,1711,4722,2021-03-17 13:54:17.182592,316
44,MARQUES DE VIANA,2390,5656,2021-03-17 13:54:17.183134,150
44,MARQUES DE VIANA,2390,5652,2021-03-17 13:54:17.183134,615
44,MARQUES DE VIANA,5591,5652,2021-03-17 13:54:17.186275,895
44,MARQUES DE VIANA,5591,5656,2021-03-17 13:54:17.186275,456
1,PROSPERIDAD,164,4720,2021-03-17 13:54:17.189179,49
1,PROSPERIDAD,164,124,2021-03-17 13:54:17.189179,1255
132,MONCLOA,1365,4832,2021-03-17 13:54:17.192764,813
132,MONCLOA,1365,4719,2021-03-17 13:54:17.192764,383
133,MIRASIERRA,1356,4684,2021-03-17 13:54:17.192952,144
133,MIRASIERRA,1356,4683,2021-03-17 13:54:17.192952,692
1,PROSPERIDAD,4514,115,2021-03-17 13:54:17.197503,1387
1,PROSPERIDAD,4514,120,2021-03-17 13:54:17.197503,1155
132,MONCLOA,4514,4826,2021-03-17 13:54:17.197503,837
82,MONCLOA,4514,4711,2021-03-17 13:54:17.197503,680
82,MONCLOA,4514,4717,2021-03-17 13:54:17.197503,567
44,CALLAO,4514,5659,2021-03-17 13:54:17.197503,480
132,MONCLOA,4514,4703,2021-03-17 13:54:17.197503,121
44,CALLAO,4514,8299,2021-03-17 13:54:17.197503,9
132,HOSPITAL LA PAZ,3277,4831,2021-03-17 13:54:17.273374,648
132,HOSPITAL LA PAZ,3277,4830,2021-03-17 13:54:17.273374,277
44,CALLAO,2403,5660,2021-03-17 13:54:17.450013,246
44,CALLAO,2403,5661,2021-03-17 13:54:17.450013,702
82,PITIS,1703,4705,2021-03-17 13:54:17.463939,659
82,PITIS,1703,4722,2021-03-17 13:54:17.463939,36
132,MONCLOA,1654,4824,2021-03-17 13:54:17.477419,148
132,MONCLOA,1654,4825,2021-03-17 13:54:17.477419,551
82,PITIS,1633,4722,2021-03-17 13:54:17.480649,865
82,PITIS,1633,4721,2021-03-17 13:54:17.480649,705
1,CRISTO REY,2307,118,2021-03-17 13:54:17.481059,1178
1,CRISTO REY,2307,119,2021-03-17 13:54:17.481059,448
133,CALLAO,1361,4687,2021-03-17 13:54:17.481739,354
133,MIRASIERRA,1636,4701,2021-03-17 13:54:17.482749,290
133,MIRASIERRA,1636,4693,2021-03-17 13:54:17.482749,387
132,MONCLOA,3280,4826,2021-03-17 13:54:17.484135,19
132,MONCLOA,3280,8329,2021-03-17 13:54:17.484135,167
82,MONCLOA,5309,4718,2021-03-17 13:54:17.484173,857
82,MONCLOA,5309,4655,2021-03-17 13:54:17.484173,512
132,MONCLOA,1650,4825,2021-03-17 13:54:17.486988,731
132,MONCLOA,1650,4824,2021-03-17 13:54:17.486988,287
133,MIRASIERRA,3571,4693,2021-03-17 13:54:17.487088,692
133,MIRASIERRA,3571,4701,2021-03-17 13:54:17.487088,617
44,MARQUES DE VIANA,5572,5657,2021-03-17 13:54:17.487540,282
44,MARQUES DE VIANA,5572,5653,2021-03-17 13:54:17.487540,763
82,PITIS,1629,4706,2021-03-17 13:54:17.489645,98
82,PITIS,1629,4721,2021-03-17 13:54:17.489645,891
132,HOSPITAL LA PAZ,1512,4829,2021-03-17 13:54:17.498299,386
132,HOSPITAL LA PAZ,1512,8313,2021-03-17 13:54:17.498299,254
44,CALLAO,2389,5655,2021-03-17 13:54:17.499058,932
44,CALLAO,2389,5659,2021-03-17 13:54:17.499058,337
132,MONCLOA,1648,4824,2021-03-17 13:54:17.499216,332
132,MONCLOA,1648,4825,2021-03-17 13:54:17.499216,733
1,PROSPERIDAD,5138,124,2021-03-17 13:54:17.499624,1193
133,CALLAO,4968,4698,2021-03-17 13:54:17.501547,342
1,PROSPERIDAD,171,124,2021-03-17 13:54:17.501849,700
1,PROSPERIDAD,171,122,2021-03-17 13:54:17.501849,755
1,CRISTO REY,733,119,2021-03-17 13:54:17.502065,1096
1,CRISTO REY,733,121,2021-03-17 13:54:17.502065,399
133,CALLAO,1612,4689,2021-03-17 13:54:17.502103,397
133,CALLAO,1612,4687,2021-03-17 13:54:17.502103,97
82,MONCLOA,1700,4655,2021-03-17 13:54:17.503628,573
82,MONCLOA,1700,4718,2021-03-17 13:54:17.503628,927
82,PITIS,1716,4721,2021-03-17 13:54:17.509793,415
82,PITIS,1716,4722,2021-03-17 13:54:17.509793,526
82,PITIS,1701,4705,2021-03-17 13:54:17.510320,614
132,MONCLOA,3291,4827,2021-03-17 13:54:17.632274,727
132,MONCLOA,3291,4832,2021-03-17 13:54:17.632274,316
44,CALLAO,1671,5660,2021-03-17 13:54:17.634578,655
44,CALLAO,1671,5655,2021-03-17 13:54:17.634578,252
44,MARQUES DE VIANA,2392,5656,2021-03-17 13:54:17.639580,200
44,MARQUES DE VIANA,2392,5652,2021-03-17 13:54:17.639580,663
132,HOSPITAL LA PAZ,1674,8314,2021-03-17 13:54:17.658820,308
132,HOSPITAL LA PAZ,1674,4830,2021-03-17 13:54:17.658820,760
132,MONCLOA,1515,4719,2021-03-17 13:54:17.661243,723
132,MONCLOA,1515,4825,2021-03-17 13:54:17.661243,290
1,PROSPERIDAD,729,4720,2021-03-17 13:54:17.670241,1074
1,PROSPERIDAD,729,8294,2021-03-17 13:54:17.670241,510
132,MONCLOA,1371,4832,2021-03-17 13:54:17.670509,546
132,MONCLOA,1371,4719,2021-03-17 13:54:17.670509,103
82,MONCLOA,1690,4717,2021-03-17 13:54:17.672213,160
82,MONCLOA,1690,4711,2021-03-17 13:54:17.672213,191
132,MONCLOA,1690,4826,2021-03-17 13:54:17.672213,292
132,MONCLOA,1690,8329,2021-03-17 13:54:17.672213,421
82,MONCLOA,1727,4713,2021-03-17 13:54:17.672228,462
82,MONCLOA,1727,4718,2021-03-17 13:54:17.672228,91
133,MIRASIERRA,1343,4683,2021-03-17 13:54:17.672282,99
133,MIRASIERRA,1343,4685,2021-03-17 13:54:17.672282,375
1,CRISTO REY,449,121,2021-03-17 13:54:17.672669,521
1,CRISTO REY,449,119,2021-03-17 13:54:17.672669,1177
133,MIRASIERRA,736,4702,2021-03-17 13:54:17.673320,215
44,MARQUES DE VIANA,736,5652,2021-03-17 13:54:17.673320,100
44,MARQUES DE VIANA,736,8297,2021-03-17 13:54:17.673320,374
1,CRISTO REY,736,120,2021-03-17 13:54:17.673320,428
1,CRISTO REY,736,115,2021-03-17 13:54:17.673320,682
133,MIRASIERRA,736,4704,2021-03-17 13:54:17.673320,630
1,CRISTO REY,283,120,2021-03-17 13:54:17.674814,104
44,MARQUES DE VIANA,283,8297,2021-03-17 13:54:17.674814,11
44,MARQUES DE VIANA,283,5657,2021-03-17 13:54:17.674814,655
133,MIRASIERRA,283,4704,2021-03-17 13:54:17.674814,402
1,CRISTO REY,283,115,2021-03-17 13:54:17.674814,384
133,CALLAO,1355,4687,2021-03-17 13:54:17.675934,638
133,CALLAO,1355,4695,2021-03-17 13:54:17.675934,189
132,MONCLOA,1380,4719,2021-03-17 13:54:17.677690,52
132,MONCLOA,1380,4832,2021-03-17 13:54:17.677690,495
132,HOSPITAL LA PAZ,1655,4829,2021-03-17 13:54:17.677931,126
132,HOSPITAL LA PAZ,1655,8313,2021-03-17 13:54:17.677931,16
44,CALLAO,4022,5659,2021-03-17 13:54:17.677947,613
1,PROSPERIDAD,4022,120,2021-03-17 13:54:17.677947,1170
132,MONCLOA,4022,4826,2021-03-17 13:54:17.677947,893
132,MONCLOA,4022,4703,2021-03-17 13:54:17.677947,195
82,MONCLOA,4022,4717,2021-03-17 13:54:17.677947,612
44,CALLAO,4022,8299,2021-03-17 13:54:17.677947,93
82,MONCLOA,4022,4711,2021-03-17 13:54:17.677947,702
132,HOSPITAL LA PAZ,743,8312,2021-03-17 13:54:17.678439,492
44,MARQUES DE VIANA,743,5652,2021-03-17 13:54:17.678439,481
82,PITIS,743,4656,2021-03-17 13:54:17.678439,248
1,CRISTO REY,743,120,2021-03-17 13:54:17.678439,1044
132,HOSPITAL LA PAZ,743,4831,2021-03-17 13:54:17.678439,28
44,MARQUES DE VIANA,743,5656,2021-03-17 13:54:17.678439,7
1,CRISTO REY,743,115,2021-03-17 13:54:17.678439,1255
82,PITIS,743,4723,2021-03-17 13:54:17.678439,668
44,CALLAO,1677,5660,2021-03-17 13:54:17.678714,365
82,MONCLOA,1717,4718,2021-03-17 13:54:17.679528,345
82,MONCLOA,1717,4713,2021-03-17 13:54:17.679528,709
82,PITIS,1684,4656,2021-03-17 13:54:17.679767,405
132,HOSPITAL LA PAZ,1684,8312,2021-03-17 13:54:17.679767,684
82,PITIS,1684,4705,2021-03-17 13:54:17.679767,115
132,HOSPITAL LA PAZ,1684,4831,2021-03-17 13:54:17.679767,220
132,MONCLOA,1604,4832,2021-03-17 13:54:17.681769,275
132,MONCLOA,1604,4827,2021-03-17 13:54:17.681769,686
132,MONCLOA,3274,4826,2021-03-17 13:54:17.871435,139
132,MONCLOA,3274,8329,2021-03-17 13:54:17.871435,255
132,MONCLOA,1509,4825,2021-03-17 13:54:17.871712,107
132,MONCLOA,1509,4719,2021-03-17 13:54:17.871712,530
132,HOSPITAL LA PAZ,1653,4829,2021-03-17 13:54:17.873425,77
132,MONCLOA,1511,4719,2021-03-17 13:54:17.874948,575
132,MONCLOA,1511,4825,2021-03-17 13:54:17.874948,152
132,MONCLOA,1646,4825,2021-03-17 13:54:17.879515,771
132,MONCLOA,1646,4824,2021-03-17 13:54:17.879515,358
132,HOSPITAL LA PAZ,1649,8314,2021-03-17 13:54:17.880527,754
132,MONCLOA,1656,4825,2021-03-17 13:54:17.880749,467
132,MONCLOA,1656,4824,2021-03-17 13:54:17.880749,60
133,CALLAO,1615,4689,2021-03-17 13:54:17.881275,501
133,CALLAO,1615,4687,2021-03-17 13:54:17.881275,189
132,MONCLOA,3287,4825,2021-03-17 13:54:17.882283,10
132,MONCLOA,3287,4719,2021-03-17 13:54:17.882283,443
132,HOSPITAL LA PAZ,3285,8314,2021-03-17 13:54:17.882410,185
132,HOSPITAL LA PAZ,3285,4830,2021-03-17 13:54:17.882410,620
132,HOSPITAL LA PAZ,1577,4830,2021-03-17 13:54:17.885417,912
132,HOSPITAL LA PAZ,1577,8314,2021-03-17 13:54:17.885417,444
44,CALLAO,2401,5660,2021-03-17 13:54:17.885568,454
44,CALLAO,2401,5655,2021-03-17 13:54:17.885568,91
1,CRISTO REY,451,121,2021-03-17 13:54:17.885595,598
44,MARQUES DE VIANA,4021,8297,2021-03-17 13:54:17.886795,642
82,PITIS,4021,4723,2021-03-17 13:54:17.886795,569
1,CRISTO REY,4021,120,2021-03-17 13:54:17.886795,727
132,HOSPITAL LA PAZ,4021,8312,2021-03-17 13:54:17.886795,428
44,MARQUES DE VIANA,4021,5652,2021-03-17 13:54:17.886795,341
82,PITIS,4021,4656,2021-03-17 13:54:17.886795,148
132,HOSPITAL LA PAZ,4021,8310,2021-03-17 13:54:17.886795,743
1,CRISTO REY,4021,115,2021-03-17 13:54:17.886795,1001
132,HOSPITAL LA PAZ,1516,4829,2021-03-17 13:54:17.886813,275
132,HOSPITAL LA PAZ,1516,8313,2021-03-17 13:54:17.886813,153
132,HOSPITAL LA PAZ,1510,4829,2021-03-17 13:54:17.886957,423
132,HOSPITAL LA PAZ,1510,8313,2021-03-17 13:54:17.886957,292
132,HOSPITAL LA PAZ,3288,4737,2021-03-17 13:54:17.887838,221
82,PITIS,3756,4721,2021-03-17 13:54:17.888384,318
82,PITIS,3756,4722,2021-03-17 13:54:17.888384,477
132,HOSPITAL LA PAZ,1686,8312,2021-03-17 13:54:17.937113,735
82,PITIS,1686,4705,2021-03-17 13:54:17.937113,148
132,HOSPITAL LA PAZ,1686,4831,2021-03-17 13:54:17.937113,270
82,PITIS,1686,4656,2021-03-17 13:54:17.937113,437
132,HOSPITAL LA PAZ,1657,8313,2021-03-17 13:54:17.937905,86
132,HOSPITAL LA PAZ,1657,4829,2021-03-17 13:54:17.937905,207
132,HOSPITAL LA PAZ,1514,8313,2021-03-17 13:54:17.938231,193
132,HOSPITAL LA PAZ,1514,4829,2021-03-17 13:54:17.938231,326
82,MONCLOA,1738,4713,2021-03-17 13:54:17.938527,325
82,MONCLOA,1738,4710,2021-03-17 13:54:17.938527,744
132,MONCLOA,1652,4825,2021-03-17 13:54:18.005642,627
132,MONCLOA,1652,4824,2021-03-17 13:54:18.005642,229
133,CALLAO,1617,4689,2021-03-17 13:54:18.005741,549
133,CALLAO,1617,4687,2021-03-17 13:54:18.005741,241
133,CALLAO,1346,4724,2021-03-17 13:54:18.012710,64
133,CALLAO,1346,4695,2021-03-17 13:54:18.012710,526
82,MONCLOA,1694,4717,2021-03-17 13:54:18.015452,38
82,MONCLOA,1694,4711,2021-03-17 13:54:18.015452,71
82,PITIS,4175,4705,2021-03-17 13:54:18.034658,4
132,HOSPITAL LA PAZ,4175,4831,2021-03-17 13:54:18.034658,95
82,PITIS,4175,4656,2021-03-17 13:54:18.034658,299
132,HOSPITAL LA PAZ,4175,8312,2021-03-17 13:54:18.034658,560
44,CALLAO,1667,5655,2021-03-17 13:54:18.034774,402
44,CALLAO,1667,5660,2021-03-17 13:54:18.034774,807
44,CALLAO,1669,5660,2021-03-17 13:54:18.034783,795
44,CALLAO,1669,5655,2021-03-17 13:54:18.034783,356
82,PITIS,1697,4705,2021-03-17 13:54:18.035149,448
82,PITIS,1697,4656,2021-03-17 13:54:18.035149,745
82,PITIS,1705,4705,2021-03-17 13:54:18.035750,745
82,PITIS,1705,4722,2021-03-17 13:54:18.035750,93
133,MIRASIERRA,738,4702,2021-03-17 13:54:18.036142,307
44,MARQUES DE VIANA,738,5652,2021-03-17 13:54:18.036142,181
1,CRISTO REY,738,120,2021-03-17 13:54:18.036142,566
44,MARQUES DE VIANA,738,8297,2021-03-17 13:54:18.036142,463
1,CRISTO REY,738,115,2021-03-17 13:54:18.036142,793
132,MONCLOA,3289,4827,2021-03-17 13:54:18.058851,777
132,MONCLOA,3289,4832,2021-03-17 13:54:18.058851,357
133,MIRASIERRA,1745,4693,2021-03-17 13:54:18.063086,741
133,MIRASIERRA,1745,4701,2021-03-17 13:54:18.063086,714
82,MONCLOA,1696,4711,2021-03-17 13:54:18.068310,36
82,MONCLOA,1696,4717,2021-03-17 13:54:18.068310,13
133,CALLAO,3295,4698,2021-03-17 13:54:18.097644,546
133,CALLAO,3295,4689,2021-03-17 13:54:18.097644,186
133,MIRASIERRA,1637,4693,2021-03-17 13:54:18.112692,412
133,MIRASIERRA,1637,4701,2021-03-17 13:54:18.112692,334
132,MONCLOA,3282,8329,2021-03-17 13:54:18.117291,128
82,PITIS,1691,4656,2021-03-17 13:54:18.117565,624
132,HOSPITAL LA PAZ,1691,4831,2021-03-17 13:54:18.117565,415
82,PITIS,1691,4705,2021-03-17 13:54:18.117565,346
82,MONCLOA,1704,4655,2021-03-17 13:54:18.117601,479
82,MONCLOA,1704,4718,2021-03-17 13:54:18.117601,833
44,CALLAO,1679,5661,2021-03-17 13:54:18.118277,771
44,CALLAO,1679,5660,2021-03-17 13:54:18.118277,315
44,MARQUES DE VIANA,2394,5656,2021-03-17 13:54:18.130091,299
44,MARQUES DE VIANA,2394,5652,2021-03-17 13:54:18.130091,756
133,MIRASIERRA,3293,4693,2021-03-17 13:54:18.146620,463
133,MIRASIERRA,3293,4701,2021-03-17 13:54:18.146620,417
82,MONCLOA,1712,4718,2021-03-17 13:54:18.147150,554
82,MONCLOA,1712,4655,2021-03-17 13:54:18.147150,192
133,MIRASIERRA,1351,4685,2021-03-17 13:54:18.147399,615
133,MIRASIERRA,1351,4683,2021-03-17 13:54:18.147399,363
82,MONCLOA,1331,4717,2021-03-17 13:54:18.153912,358
133,CALLAO,1331,5475,2021-03-17 13:54:18.153912,330
82,MONCLOA,1331,4711,2021-03-17 13:54:18.153912,383
133,CALLAO,1331,4724,2021-03-17 13:54:18.153912,432
132,MONCLOA,1331,4826,2021-03-17 13:54:18.153912,552
132,MONCLOA,1331,8329,2021-03-17 13:54:18.153912,704
132,HOSPITAL LA PAZ,3278,4830,2021-03-17 13:54:18.159156,376
133,MIRASIERRA,1330,4835,2021-03-17 13:54:18.221144,172
82,PITIS,1709,4722,2021-03-17 13:54:18.223165,281
82,PITIS,1709,4721,2021-03-17 13:54:18.223165,84
133,CALLAO,1344,4724,2021-03-17 13:54:18.230533,92
133,CALLAO,1344,4695,2021-03-17 13:54:18.230533,554
133,MIRASIERRA,1614,4693,2021-03-17 13:54:18.233551,303
133,MIRASIERRA,1614,4701,2021-03-17 13:54:18.233551,200
82,PITIS,4285,4705,2021-03-17 13:54:18.243785,429
82,PITIS,4285,4656,2021-03-17 13:54:18.243785,703
133,CALLAO,3572,4689,2021-03-17 13:54:18.244013,95
133,CALLAO,3572,4698,2021-03-17 13:54:18.244013,455
133,CALLAO,1350,4687,2021-03-17 13:54:18.244898,807
133,CALLAO,1350,4695,2021-03-17 13:54:18.244898,367
1,PROSPERIDAD,727,8294,2021-03-17 13:54:18.258223,691
133,CALLAO,1353,4695,2021-03-17 13:54:18.258976,306
133,CALLAO,1353,4687,2021-03-17 13:54:18.258976,736
132,MONCLOA,3286,8329,2021-03-17 13:54:18.259743,36
132,MONCLOA,3286,4824,2021-03-17 13:54:18.259743,635
132,HOSPITAL LA PAZ,1786,4829,2021-03-17 13:54:18.263398,499
132,HOSPITAL LA PAZ,1786,8313,2021-03-17 13:54:18.263398,370
1,PROSPERIDAD,193,122,2021-03-17 13:54:18.294697,362
44,CALLAO,193,5653,2021-03-17 13:54:18.294697,21
133,CALLAO,193,5475,2021-03-17 13:54:18.294697,786
1,PROSPERIDAD,193,124,2021-03-17 13:54:18.294697,300
44,CALLAO,193,8299,2021-03-17 13:54:18.294697,423
1,CRISTO REY,1750,115,2021-03-17 13:54:18.307451,436
1,CRISTO REY,1750,120,2021-03-17 13:54:18.307451,182
44,MARQUES DE VIANA,1750,8297,2021-03-17 13:54:18.307451,98
44,MARQUES DE VIANA,1750,5657,2021-03-17 13:54:18.307451,741
133,MIRASIERRA,1750,4702,2021-03-17 13:54:18.307451,66
133,MIRASIERRA,1750,4704,2021-03-17 13:54:18.307451,480
132,HOSPITAL LA PAZ,1643,8314,2021-03-17 13:54:18.310391,578
132,HOSPITAL LA PAZ,1643,4830,2021-03-17 13:54:18.310391,1047
1,PROSPERIDAD,737,124,2021-03-17 13:54:18.310731,109
133,CALLAO,737,4724,2021-03-17 13:54:18.310731,623
133,CALLAO,737,5475,2021-03-17 13:54:18.310731,584
44,CALLAO,737,8299,2021-03-17 13:54:18.310731,221
1,PROSPERIDAD,737,122,2021-03-17 13:54:18.310731,200
44,CALLAO,737,5659,2021-03-17 13:54:18.310731,742
44,CALLAO,2391,5659,2021-03-17 13:54:18.502155,266
44,CALLAO,2391,5655,2021-03-17 13:54:18.502155,841
82,MONCLOA,1721,4718,2021-03-17 13:54:18.543995,211
82,MONCLOA,1721,4713,2021-03-17 13:54:18.543995,584
82,MONCLOA,4292,4710,2021-03-17 13:54:18.548757,401
1,CRISTO REY,725,118,2021-03-17 13:54:18.552544,1277
1,CRISTO REY,725,119,2021-03-17 13:54:18.552544,573
1,PROSPERIDAD,426,8294,2021-03-17 13:54:18.552796,221
1,PROSPERIDAD,426,4720,2021-03-17 13:54:18.552796,736
132,HOSPITAL LA PAZ,5140,4830,2021-03-17 13:54:18.553011,427
133,MIRASIERRA,1338,4835,2021-03-17 13:54:18.553298,372
133,MIRASIERRA,1338,4685,2021-03-17 13:54:18.553298,177
82,PITIS,1730,4721,2021-03-17 13:54:18.555349,828
82,PITIS,1730,4706,2021-03-17 13:54:18.555349,33
132,HOSPITAL LA PAZ,1605,4737,2021-03-17 13:54:18.557988,328
132,HOSPITAL LA PAZ,1605,4827,2021-03-17 13:54:18.557988,51
82,MONCLOA,1731,4713,2021-03-17 13:54:18.558055,365
82,MONCLOA,1731,4718,2021-03-17 13:54:18.558055,1
82,PITIS,1687,4705,2021-03-17 13:54:18.558156,196
132,HOSPITAL LA PAZ,1687,4831,2021-03-17 13:54:18.558156,300
82,PITIS,1687,4656,2021-03-17 13:54:18.558156,484
132,HOSPITAL LA PAZ,1687,8312,2021-03-17 13:54:18.558156,800
1,CRISTO REY,168,117,2021-03-17 13:54:18.559399,910
133,MIRASIERRA,168,4699,2021-03-17 13:54:18.559399,566
133,MIRASIERRA,168,4704,2021-03-17 13:54:18.559399,206
1,CRISTO REY,168,115,2021-03-17 13:54:18.559399,173
44,MARQUES DE VIANA,168,5657,2021-03-17 13:54:18.559399,524
44,MARQUES DE VIANA,168,5653,2021-03-17 13:54:18.559399,1005
133,CALLAO,1360,4689,2021-03-17 13:54:18.564348,608
133,CALLAO,1360,4687,2021-03-17 13:54:18.564348,300
1,PROSPERIDAD,2304,116,2021-03-17 13:54:18.564601,247
1,PROSPERIDAD,2304,8294,2021-03-17 13:54:18.564601,956
1,CRISTO REY,718,119,2021-03-17 13:54:18.564729,205
1,CRISTO REY,718,118,2021-03-17 13:54:18.564729,935
133,MIRASIERRA,1340,4835,2021-03-17 13:54:18.564926,411
133,MIRASIERRA,1340,4685,2021-03-17 13:54:18.564926,225
82,MONCLOA,1725,4713,2021-03-17 13:54:18.564992,485
82,MONCLOA,1725,4718,2021-03-17 13:54:18.564992,126
1,PROSPERIDAD,724,122,2021-03-17 13:54:18.565027,1173
1,PROSPERIDAD,724,124,2021-03-17 13:54:18.565027,1113
1,CRISTO REY,734,115,2021-03-17 13:54:18.565411,603
133,MIRASIERRA,734,4704,2021-03-17 13:54:18.565411,586
1,CRISTO REY,734,120,2021-03-17 13:54:18.565411,366
44,MARQUES DE VIANA,734,8297,2021-03-17 13:54:18.565411,280
133,MIRASIERRA,734,4702,2021-03-17 13:54:18.565411,172
44,MARQUES DE VIANA,734,5652,2021-03-17 13:54:18.565411,3
132,HOSPITAL LA PAZ,1372,8313,2021-03-17 13:54:18.565531,845
132,HOSPITAL LA PAZ,1372,4737,2021-03-17 13:54:18.565531,43
82,PITIS,1718,4722,2021-03-17 13:54:18.565570,564
82,PITIS,1718,4721,2021-03-17 13:54:18.565570,412
132,MONCLOA,1658,4825,2021-03-17 13:54:18.565613,386
1,PROSPERIDAD,70,124,2021-03-17 13:54:18.580403,1384
1,PROSPERIDAD,70,4720,2021-03-17 13:54:18.580403,177
82,MONCLOA,1692,4711,2021-03-17 13:54:18.580512,141
82,MONCLOA,1692,4717,2021-03-17 13:54:18.580512,113
132,MONCLOA,1692,4826,2021-03-17 13:54:18.580512,248
132,MONCLOA,1692,8329,2021-03-17 13:54:18.580512,406
133,CALLAO,3229,4689,2021-03-17 13:54:18.591175,343
133,CALLAO,3229,4687,2021-03-17 13:54:18.591175,33
132,MONCLOA,1379,4832,2021-03-17 13:54:18.603743,428
82,PITIS,3688,4723,2021-03-17 13:54:18.605783,445
133,MIRASIERRA,3688,4702,2021-03-17 13:54:18.605783,412
132,HOSPITAL LA PAZ,3688,8312,2021-03-17 13:54:18.605783,323
133,MIRASIERRA,3688,4835,2021-03-17 13:54:18.605783,45
82,PITIS,3688,4656,2021-03-17 13:54:18.605783,22
132,HOSPITAL LA PAZ,3688,8310,2021-03-17 13:54:18.605783,637
133,MIRASIERRA,1354,4685,2021-03-17 13:54:18.606369,713
133,MIRASIERRA,1354,4683,2021-03-17 13:54:18.606369,487
133,MIRASIERRA,1341,4685,2021-03-17 13:54:18.607059,314
133,MIRASIERRA,1341,4683,2021-03-17 13:54:18.607059,8
132,HOSPITAL LA PAZ,1364,8313,2021-03-17 13:54:18.774391,446
132,HOSPITAL LA PAZ,1364,4829,2021-03-17 13:54:18.774391,573
133,MIRASIERRA,5456,4684,2021-03-17 13:54:18.774423,56
133,MIRASIERRA,5456,4683,2021-03-17 13:54:18.774423,619
133,MIRASIERRA,1618,4701,2021-03-17 13:54:18.776459,113
133,MIRASIERRA,1618,4693,2021-03-17 13:54:18.776459,220
44,CALLAO,2395,5655,2021-03-17 13:54:18.776971,616
44,CALLAO,2395,5659,2021-03-17 13:54:18.776971,44
82,MONCLOA,1634,4718,2021-03-17 13:54:18.777389,63
82,MONCLOA,1634,4713,2021-03-17 13:54:18.777389,427
44,CALLAO,2399,5660,2021-03-17 13:54:18.780534,513
44,CALLAO,2399,5655,2021-03-17 13:54:18.780534,141
133,CALLAO,1333,5475,2021-03-17 13:54:18.782526,213
133,CALLAO,1333,4724,2021-03-17 13:54:18.782526,329
82,PITIS,3391,4722,2021-03-17 13:54:18.782920,181
132,MONCLOA,3292,8329,2021-03-17 13:54:18.783039,205
132,MONCLOA,3292,4826,2021-03-17 13:54:18.783039,63
1,CRISTO REY,730,119,2021-03-17 13:54:18.783532,833
1,CRISTO REY,730,121,2021-03-17 13:54:18.783532,139
1,PROSPERIDAD,715,116,2021-03-17 13:54:18.783657,623
1,PROSPERIDAD,715,8294,2021-03-17 13:54:18.783657,1365
82,MONCLOA,1688,4711,2021-03-17 13:54:18.783973,252
132,MONCLOA,1688,4826,2021-03-17 13:54:18.783973,357
132,MONCLOA,1688,8329,2021-03-17 13:54:18.783973,477
82,MONCLOA,1688,4717,2021-03-17 13:54:18.783973,202
44,MARQUES DE VIANA,1678,5661,2021-03-17 13:54:18.784338,137
44,MARQUES DE VIANA,4816,5652,2021-03-17 13:54:18.784575,256
44,MARQUES DE VIANA,4816,8297,2021-03-17 13:54:18.784575,589
1,CRISTO REY,4816,120,2021-03-17 13:54:18.784575,621
1,CRISTO REY,4816,115,2021-03-17 13:54:18.784575,848
133,CALLAO,4741,4689,2021-03-17 13:54:18.829437,449
133,CALLAO,4741,4687,2021-03-17 13:54:18.829437,150
1,CRISTO REY,5135,117,2021-03-17 13:54:18.911758,413
1,CRISTO REY,5135,121,2021-03-17 13:54:18.911758,1074
132,MONCLOA,4643,4825,2021-03-17 13:54:18.918869,585
132,MONCLOA,4643,4824,2021-03-17 13:54:18.918869,167
132,HOSPITAL LA PAZ,1373,4737,2021-03-17 13:54:18.919451,88
132,HOSPITAL LA PAZ,1373,8313,2021-03-17 13:54:18.919451,892
133,MIRASIERRA,5382,4701,2021-03-17 13:54:20.127683,293
133,MIRASIERRA,5382,4693,2021-03-17 13:54:20.127683,415
1,CRISTO REY,732,119,2021-03-17 13:54:20.134012,950
1,CRISTO REY,732,121,2021-03-17 13:54:20.134012,231
132,HOSPITAL LA PAZ,3281,4830,2021-03-17 13:54:20.977081,506
132,HOSPITAL LA PAZ,3281,8314,2021-03-17 13:54:20.977081,28
1,PROSPERIDAD,424,8294,2021-03-17 13:54:20.982468,35
1,PROSPERIDAD,424,4720,2021-03-17 13:54:20.982468,590
