id,bus,stop,line,direction,bearing,datetime,estimateArrive,expectedArrival
-1758960349,SK20AZA,490008465L,25,2,248,2021-01-05 19:16:28.603222200,421,2021-01-05 19:23:29.000000000
-1378362884,SK20BCY,490008465L,25,2,248,2021-01-05 19:16:28.603222200,1383,2021-01-05 19:39:31.000000000
-955235065,BF67GKO,490005320E,18,1,136,2021-01-05 19:16:58.337601300,27,2021-01-05 19:17:25.000000000
1327545964,BF67GKP,490005320E,18,1,136,2021-01-05 19:16:58.337601300,1481,2021-01-05 19:41:39.000000000
525858254,BF67GKZ,490005320E,18,1,136,2021-01-05 19:16:58.337601300,1639,2021-01-05 19:44:17.000000000
429455221,BF67GNU,490005320E,18,1,136,2021-01-05 19:16:58.337601300,645,2021-01-05 19:27:43.000000000
583728112,LJ15JZD,490005320E,18,1,136,2021-01-05 19:16:58.337601300,489,2021-01-05 19:25:07.000000000
-1157795029,LJ16EWX,490005320E,18,1,136,2021-01-05 19:16:58.337601300,873,2021-01-05 19:31:31.000000000
-1795514440,BF67GKG,490000256H,18,2,251,2021-01-05 19:16:58.337601300,1011,2021-01-05 19:33:49.000000000
-897993831,BF67GKJ,490000256H,18,2,251,2021-01-05 19:16:58.337601300,674,2021-01-05 19:28:12.000000000
1100275061,BF67GLV,490000256H,18,2,251,2021-01-05 19:16:58.337601300,1769,2021-01-05 19:46:27.000000000
1100340597,BF67GMV,490000256H,18,2,251,2021-01-05 19:16:58.337601300,1549,2021-01-05 19:42:47.000000000
-898321511,BF67GNJ,490000256H,18,2,251,2021-01-05 19:16:58.337601300,951,2021-01-05 19:32:49.000000000
1765219592,LJ15JZA,490000256H,18,2,251,2021-01-05 19:16:58.337601300,199,2021-01-05 19:20:17.000000000
863826951,SK20BBJ,490003025W,25,2,219,2020-12-30 15:39:01.530876000,1087,2020-12-30 15:57:08.000000000
729241334,SK20BBO,490003025W,25,2,219,2020-12-30 15:39:01.530876000,833,2020-12-30 15:52:54.000000000
1294611731,SK20BCV,490003025W,25,2,219,2020-12-30 15:39:01.530876000,451,2020-12-30 15:46:32.000000000
-1566071827,SK20BCX,490003025W,25,2,219,2020-12-30 15:39:01.530876000,1512,2020-12-30 16:04:13.000000000
-1834455229,SK20BDF,490003025W,25,2,219,2020-12-30 15:39:01.530876000,98,2020-12-30 15:40:39.000000000
855691725,BF67GKO,490015040W,18,1,74,2021-01-05 19:16:58.245721700,469,2021-01-05 19:24:47.000000000
-309828673,BF67GNU,490015040W,18,1,74,2021-01-05 19:16:58.245721700,1096,2021-01-05 19:35:14.000000000
-690327750,LJ15JZD,490015040W,18,1,74,2021-01-05 19:16:58.245721700,890,2021-01-05 19:31:48.000000000
1324214241,LJ16EWX,490015040W,18,1,74,2021-01-05 19:16:58.245721700,1422,2021-01-05 19:40:40.000000000
-771792401,LJ66TRZ,490015040W,18,1,74,2021-01-05 19:16:58.245721700,300,2021-01-05 19:21:58.000000000
1547474096,SK20AYM,490014269E,25,1,62,2021-01-05 19:15:58.341068500,254,2021-01-05 19:20:12.000000000
830859741,SK20AYN,490014269E,25,1,62,2021-01-05 19:15:58.341068500,1102,2021-01-05 19:34:20.000000000
-1896292439,SK20AZJ,490014269E,25,1,62,2021-01-05 19:15:58.341068500,1581,2021-01-05 19:42:19.000000000
-170197416,SK20AYB,490008467F,25,1,61,2021-01-05 19:16:58.728132700,296,2021-01-05 19:21:54.000000000
230772905,SK20AYM,490008467F,25,1,61,2021-01-05 19:16:58.728132700,1349,2021-01-05 19:39:27.000000000
1510220658,SK20AYP,490008467F,25,1,61,2021-01-05 19:16:58.728132700,650,2021-01-05 19:27:48.000000000
-974341578,SK20AZD,490008467F,25,1,61,2021-01-05 19:16:58.728132700,854,2021-01-05 19:31:12.000000000
-2009466744,SK20AXX,490013541A,25,2,249,2020-12-30 15:39:04.713676900,717,2020-12-30 15:51:01.000000000
1788833063,SK20AYY,490013541A,25,2,249,2020-12-30 15:39:04.713676900,356,2020-12-30 15:45:00.000000000
1741909627,SK20BCV,490013541A,25,2,249,2020-12-30 15:39:04.713676900,1732,2020-12-30 16:07:56.000000000
-1202637781,SK20BDF,490013541A,25,2,249,2020-12-30 15:39:04.713676900,1301,2020-12-30 16:00:45.000000000
-449047597,SK20AYU,490004815S,25,2,217,2021-01-05 19:16:58.365320100,486,2021-01-05 19:25:04.000000000
-667823589,SK20BBF,490004815S,25,2,217,2021-01-05 19:16:58.365320100,1711,2021-01-05 19:45:29.000000000
213076475,SK20AYM,490008603E,25,1,73,2021-01-05 19:16:58.821884200,674,2021-01-05 19:28:12.000000000
1628058774,SK20AYN,490008603E,25,1,73,2021-01-05 19:16:58.821884200,1512,2021-01-05 19:42:10.000000000
-996236444,SK20AZD,490008603E,25,1,73,2021-01-05 19:16:58.821884200,241,2021-01-05 19:20:59.000000000
-1017366582,SK20AZA,490006856E,25,1,62,2021-01-05 11:21:54.709956300,69,2021-01-05 11:23:03.000000000
-106722539,SK20BCY,490006856E,25,1,62,2021-01-05 11:21:54.709956300,1374,2021-01-05 11:44:48.000000000
-1813231202,SK20AYJ,490018832E,25,1,52,2021-01-05 19:16:28.452920900,725,2021-01-05 19:28:33.000000000
869388994,SK20AZF,490018832E,25,1,52,2021-01-05 19:16:28.452920900,1764,2021-01-05 19:45:52.000000000
1584014334,BF67GKG,490010332K,18,2,309,2021-01-05 19:16:58.514007600,648,2021-01-05 19:27:46.000000000
15273951,BF67GKJ,490010332K,18,2,309,2021-01-05 19:16:58.514007600,185,2021-01-05 19:20:03.000000000
-1962647245,BF67GLV,490010332K,18,2,309,2021-01-05 19:16:58.514007600,1222,2021-01-05 19:37:20.000000000
-1962581709,BF67GMV,490010332K,18,2,309,2021-01-05 19:16:58.514007600,1049,2021-01-05 19:34:27.000000000
14946271,BF67GNJ,490010332K,18,2,309,2021-01-05 19:16:58.514007600,460,2021-01-05 19:24:38.000000000
-1773544885,BF67GNN,490010332K,18,2,309,2021-01-05 19:16:58.514007600,1508,2021-01-05 19:42:06.000000000
64883201,BF67GKE,490010337D,18,1,153,2021-01-05 19:16:58.493529800,801,2021-01-05 19:30:19.000000000
-1156334136,BF67GKP,490010337D,18,1,153,2021-01-05 19:16:58.493529800,5,2021-01-05 19:17:03.000000000
-345704854,BF67GKZ,490010337D,18,1,153,2021-01-05 19:16:58.493529800,165,2021-01-05 19:19:43.000000000
1685554943,LJ16EWH,490010337D,18,1,153,2021-01-05 19:16:58.493529800,1222,2021-01-05 19:37:20.000000000
462109062,LJ16EWU,490010337D,18,1,153,2021-01-05 19:16:58.493529800,1654,2021-01-05 19:44:32.000000000
426713231,BF67GKE,490012848E,18,1,76,2021-01-05 19:16:58.476634000,1048,2021-01-05 19:34:26.000000000
-1583179962,BF67GKP,490012848E,18,1,76,2021-01-05 19:16:58.476634000,232,2021-01-05 19:20:50.000000000
-237642524,BF67GKZ,490012848E,18,1,76,2021-01-05 19:16:58.476634000,402,2021-01-05 19:23:40.000000000
2126949489,LJ16EWH,490012848E,18,1,76,2021-01-05 19:16:58.476634000,1479,2021-01-05 19:41:37.000000000
-146694803,BF67GKE,490014076E,18,1,124,2021-01-05 19:16:58.664850400,1662,2021-01-05 19:44:40.000000000
1334586020,BF67GKP,490014076E,18,1,124,2021-01-05 19:16:58.664850400,825,2021-01-05 19:30:43.000000000
536568070,BF67GKZ,490014076E,18,1,124,2021-01-05 19:16:58.664850400,938,2021-01-05 19:32:36.000000000
-1169037341,LJ16EWX,490014076E,18,1,124,2021-01-05 19:16:58.664850400,301,2021-01-05 19:21:59.000000000
-114820581,BF67GKO,490014250E,18,1,126,2021-01-05 19:16:58.505937900,188,2021-01-05 19:20:06.000000000
1897333104,BF67GKP,490014250E,18,1,126,2021-01-05 19:16:58.505937900,1655,2021-01-05 19:44:33.000000000
559958738,BF67GKZ,490014250E,18,1,126,2021-01-05 19:16:58.505937900,1802,2021-01-05 19:47:00.000000000
665798761,BF67GNU,490014250E,18,1,126,2021-01-05 19:16:58.505937900,873,2021-01-05 19:31:31.000000000
486360300,LJ15JZD,490014250E,18,1,126,2021-01-05 19:16:58.505937900,476,2021-01-05 19:24:54.000000000
-2067084233,LJ16EWX,490014250E,18,1,126,2021-01-05 19:16:58.505937900,1030,2021-01-05 19:34:08.000000000
452414756,BF67GKN,490013054W,18,2,306,2021-01-05 19:16:58.774218500,677,2021-01-05 19:28:15.000000000
-1940678480,BF67GLJ,490013054W,18,2,306,2021-01-05 19:16:58.774218500,1035,2021-01-05 19:34:13.000000000
451956004,BF67GNN,490013054W,18,2,306,2021-01-05 19:16:58.774218500,142,2021-01-05 19:19:20.000000000
417617403,LJ16EWF,490013054W,18,2,306,2021-01-05 19:16:58.774218500,1063,2021-01-05 19:34:41.000000000
-227599797,LJ16EWV,490013054W,18,2,306,2021-01-05 19:16:58.774218500,505,2021-01-05 19:25:23.000000000
2131610815,LJ16EWZ,490013054W,18,2,306,2021-01-05 19:16:58.774218500,1395,2021-01-05 19:40:13.000000000
-1255747440,LJ66TSO,490013054W,18,2,306,2021-01-05 19:16:58.774218500,1791,2021-01-05 19:46:49.000000000
1817300345,SK20AYJ,490000220E1,25,1,68,2021-01-05 19:15:58.589791500,1022,2021-01-05 19:33:00.000000000
-59663730,SK20BCX,490000220E1,25,1,68,2021-01-05 19:15:58.589791500,345,2021-01-05 19:21:43.000000000
-864135648,SK20BDF,490000220E1,25,1,68,2021-01-05 19:15:58.589791500,145,2021-01-05 19:18:23.000000000
-1409044833,SK20AYU,490000029Z,25,2,239,2021-01-05 19:16:58.587281400,1116,2021-01-05 19:35:34.000000000
-1587698700,SK20AYX,490000029Z,25,2,239,2021-01-05 19:16:58.587281400,354,2021-01-05 19:22:52.000000000
-125530491,SK20AXT,490007341W,25,2,238,2021-01-05 19:16:28.995391600,51,2021-01-05 19:17:19.000000000
1442658850,SK20AYU,490007341W,25,2,238,2021-01-05 19:16:28.995391600,1341,2021-01-05 19:38:49.000000000
1487091529,SK20AYX,490007341W,25,2,238,2021-01-05 19:16:28.995391600,569,2021-01-05 19:25:57.000000000
-1220435526,SK20BDV,490007341W,25,2,238,2021-01-05 19:16:28.995391600,231,2021-01-05 19:20:19.000000000
-65253306,BF67GKE,490014387E2,18,1,100,2021-01-05 19:16:58.623374600,526,2021-01-05 19:25:44.000000000
-1304225966,BF67GMY,490014387E2,18,1,100,2021-01-05 19:16:58.623374600,1782,2021-01-05 19:46:40.000000000
-1682580296,LJ16EWH,490014387E2,18,1,100,2021-01-05 19:16:58.623374600,946,2021-01-05 19:32:44.000000000
-464952383,LJ16EWU,490014387E2,18,1,100,2021-01-05 19:16:58.623374600,1368,2021-01-05 19:39:46.000000000
243046834,SK20AYM,490006917F,25,1,78,2021-01-05 19:16:58.617798500,436,2021-01-05 19:24:14.000000000
1673913567,SK20AYN,490006917F,25,1,78,2021-01-05 19:16:58.617798500,1269,2021-01-05 19:38:07.000000000
-591867221,SK20AZJ,490006917F,25,1,78,2021-01-05 19:16:58.617798500,1760,2021-01-05 19:46:18.000000000
-931070019,BF67GKE,490013797S,18,1,141,2021-01-05 19:16:28.729772900,681,2021-01-05 19:27:49.000000000
540672982,BF67GKZ,490013797S,18,1,141,2021-01-05 19:16:28.729772900,56,2021-01-05 19:17:24.000000000
-1356238013,LJ16EWH,490013797S,18,1,141,2021-01-05 19:16:28.729772900,1103,2021-01-05 19:34:51.000000000
-791294918,LJ16EWU,490013797S,18,1,141,2021-01-05 19:16:28.729772900,1523,2021-01-05 19:41:51.000000000
-1835224301,BF67GKO,490010713E,18,1,89,2021-01-05 19:16:58.646556300,258,2021-01-05 19:21:16.000000000
447498360,BF67GKP,490010713E,18,1,89,2021-01-05 19:16:58.646556300,1701,2021-01-05 19:45:19.000000000
1276379489,BF67GNU,490010713E,18,1,89,2021-01-05 19:16:58.646556300,944,2021-01-05 19:32:42.000000000
2001079780,LJ15JZD,490010713E,18,1,89,2021-01-05 19:16:58.646556300,577,2021-01-05 19:26:35.000000000
-277772993,LJ16EWX,490010713E,18,1,89,2021-01-05 19:16:58.646556300,1212,2021-01-05 19:37:10.000000000
1885537073,LJ66TRZ,490010713E,18,1,89,2021-01-05 19:16:58.646556300,62,2021-01-05 19:18:00.000000000
-533076982,SK20AYM,490009563E,25,1,69,2021-01-05 19:16:59.118728200,370,2021-01-05 19:23:09.000000000
-1920951961,SK20AYN,490009563E,25,1,69,2021-01-05 19:16:59.118728200,1196,2021-01-05 19:36:55.000000000
855486227,SK20AZJ,490009563E,25,1,69,2021-01-05 19:16:59.118728200,1694,2021-01-05 19:45:13.000000000
-1754545958,BF67GKN,490000196W,18,2,285,2021-01-05 19:16:58.662180300,539,2021-01-05 19:25:57.000000000
30348622,BF67GLJ,490000196W,18,2,285,2021-01-05 19:16:58.662180300,1110,2021-01-05 19:35:28.000000000
-1754480422,BF67GNN,490000196W,18,2,285,2021-01-05 19:16:58.662180300,23,2021-01-05 19:17:21.000000000
-1787242491,LJ16EWF,490000196W,18,2,285,2021-01-05 19:16:58.662180300,1007,2021-01-05 19:33:45.000000000
2146670517,LJ16EWV,490000196W,18,2,285,2021-01-05 19:16:58.662180300,349,2021-01-05 19:22:47.000000000
-225361599,LJ16EWZ,490000196W,18,2,285,2021-01-05 19:16:58.662180300,1287,2021-01-05 19:38:25.000000000
951737710,LJ66TSO,490000196W,18,2,285,2021-01-05 19:16:58.662180300,1666,2021-01-05 19:44:44.000000000
-970665564,BF67GKO,490000078Q,18,1,69,2021-01-05 19:16:58.899214600,831,2021-01-05 19:30:49.000000000
413950934,BF67GNU,490000078Q,18,1,69,2021-01-05 19:16:58.899214600,1407,2021-01-05 19:40:25.000000000
243911897,LJ15JYZ,490000078Q,18,1,69,2021-01-05 19:16:58.899214600,252,2021-01-05 19:21:10.000000000
603877203,LJ15JZD,490000078Q,18,1,69,2021-01-05 19:16:58.899214600,1266,2021-01-05 19:38:04.000000000
-1144395896,LJ16EWX,490000078Q,18,1,69,2021-01-05 19:16:58.899214600,1744,2021-01-05 19:46:02.000000000
618357126,LJ66TRZ,490000078Q,18,1,69,2021-01-05 19:16:58.899214600,607,2021-01-05 19:27:05.000000000
-1192530108,SK20AZF,490000003Y,25,1,60,2021-01-05 19:16:58.677802600,1581,2021-01-05 19:43:19.000000000
839998664,BF67GKO,490000191A,18,1,73,2021-01-05 19:16:58.759149600,674,2021-01-05 19:28:12.000000000
-325456198,BF67GNU,490000191A,18,1,73,2021-01-05 19:16:58.759149600,1238,2021-01-05 19:37:36.000000000
-88325707,LJ15JYZ,490000191A,18,1,73,2021-01-05 19:16:58.759149600,85,2021-01-05 19:18:23.000000000
-674504129,LJ15JZD,490000191A,18,1,73,2021-01-05 19:16:58.759149600,1045,2021-01-05 19:34:23.000000000
1341942500,LJ16EWX,490000191A,18,1,73,2021-01-05 19:16:58.759149600,1620,2021-01-05 19:43:58.000000000
-789648150,LJ66TRZ,490000191A,18,1,73,2021-01-05 19:16:58.759149600,427,2021-01-05 19:24:05.000000000
-263754807,SK20AXT,490015508W1,25,2,250,2021-01-05 19:16:59.196805700,295,2021-01-05 19:21:54.000000000
1564401518,SK20AYU,490015508W1,25,2,250,2021-01-05 19:16:59.196805700,1535,2021-01-05 19:42:34.000000000
1348522501,SK20AYX,490015508W1,25,2,250,2021-01-05 19:16:59.196805700,954,2021-01-05 19:32:53.000000000
-1081981706,SK20BDV,490015508W1,25,2,250,2021-01-05 19:16:59.196805700,476,2021-01-05 19:24:55.000000000
14426195,BF67GKE,490007867E,18,1,118,2021-01-05 19:15:59.012328800,759,2021-01-05 19:28:38.000000000
-395912136,BF67GKZ,490007867E,18,1,118,2021-01-05 19:15:59.012328800,145,2021-01-05 19:18:24.000000000
1735765165,LJ16EWH,490007867E,18,1,118,2021-01-05 19:15:59.012328800,1182,2021-01-05 19:35:41.000000000
411636692,LJ16EWU,490007867E,18,1,118,2021-01-05 19:15:59.012328800,1602,2021-01-05 19:42:41.000000000
1225004585,BF67GKN,490015502P,18,2,251,2021-01-05 19:15:58.790197200,203,2021-01-05 19:19:21.000000000
-543112259,BF67GLJ,490015502P,18,2,251,2021-01-05 19:15:58.790197200,653,2021-01-05 19:26:51.000000000
875051533,BF67GLZ,490015502P,18,2,251,2021-01-05 19:15:58.790197200,1712,2021-01-05 19:44:30.000000000
1259802358,LJ16EWF,490015502P,18,2,251,2021-01-05 19:15:58.790197200,749,2021-01-05 19:28:27.000000000
-1583595194,LJ16EWV,490015502P,18,2,251,2021-01-05 19:15:58.790197200,28,2021-01-05 19:16:26.000000000
754882482,LJ16EWZ,490015502P,18,2,251,2021-01-05 19:15:58.790197200,986,2021-01-05 19:32:24.000000000
-422212707,LJ66TSO,490015502P,18,2,251,2021-01-05 19:15:58.790197200,1368,2021-01-05 19:38:46.000000000
-741219568,SK20AZA,490008466Q1,25,2,230,2021-01-05 19:16:58.810869000,284,2021-01-05 19:21:42.000000000
-382836785,SK20BCY,490008466Q1,25,2,230,2021-01-05 19:16:58.810869000,1244,2021-01-05 19:37:42.000000000
-500131622,BF67GLJ,490000091G,18,2,277,2021-01-05 19:16:58.884146000,422,2021-01-05 19:24:00.000000000
163078506,BF67GLZ,490000091G,18,2,277,2021-01-05 19:16:58.884146000,1352,2021-01-05 19:39:30.000000000
-1128352517,BF67GMG,490000091G,18,2,277,2021-01-05 19:16:58.884146000,1712,2021-01-05 19:45:30.000000000
1988580753,LJ16EWF,490000091G,18,2,277,2021-01-05 19:16:58.884146000,345,2021-01-05 19:22:43.000000000
292474069,LJ16EWZ,490000091G,18,2,277,2021-01-05 19:16:58.884146000,631,2021-01-05 19:27:29.000000000
-616181510,LJ66TSO,490000091G,18,2,277,2021-01-05 19:16:58.884146000,969,2021-01-05 19:33:07.000000000
138421216,BF67GKG,490014378M,18,2,274,2021-01-05 19:16:29.212585300,917,2021-01-05 19:31:46.000000000
1455624129,BF67GKJ,490014378M,18,2,274,2021-01-05 19:16:29.212585300,579,2021-01-05 19:26:08.000000000
-584163027,BF67GLV,490014378M,18,2,274,2021-01-05 19:16:29.212585300,1633,2021-01-05 19:43:42.000000000
-584097491,BF67GMV,490014378M,18,2,274,2021-01-05 19:16:29.212585300,1504,2021-01-05 19:41:33.000000000
1456345025,BF67GNJ,490014378M,18,2,274,2021-01-05 19:16:29.212585300,788,2021-01-05 19:29:37.000000000
-175267504,LJ15JZA,490014378M,18,2,274,2021-01-05 19:16:29.212585300,109,2021-01-05 19:18:18.000000000
-593066086,SK20AYU,490012904T,25,2,200,2021-01-05 19:16:58.849676900,242,2021-01-05 19:21:00.000000000
-508869038,SK20BBF,490012904T,25,2,200,2021-01-05 19:16:58.849676900,1509,2021-01-05 19:42:07.000000000
-170983845,SK20AYB,490008466R,25,1,50,2021-01-05 19:16:59.321857100,504,2021-01-05 19:25:23.000000000
232083626,SK20AYM,490008466R,25,1,50,2021-01-05 19:16:59.321857100,1515,2021-01-05 19:42:14.000000000
1511007089,SK20AYP,490008466R,25,1,50,2021-01-05 19:16:59.321857100,787,2021-01-05 19:30:06.000000000
-973555147,SK20AZD,490008466R,25,1,50,2021-01-05 19:16:59.321857100,1015,2021-01-05 19:33:54.000000000
-958219937,SK20BBO,490008466R,25,1,50,2021-01-05 19:16:59.321857100,139,2021-01-05 19:19:18.000000000
1909145926,SK20AXT,490010513W,25,2,261,2021-01-05 19:16:29.337588200,162,2021-01-05 19:19:11.000000000
-592251423,SK20AYU,490010513W,25,2,261,2021-01-05 19:16:29.337588200,1472,2021-01-05 19:41:01.000000000
-772999030,SK20AYX,490010513W,25,2,261,2021-01-05 19:16:29.337588200,716,2021-01-05 19:28:25.000000000
1041133177,SK20BDV,490010513W,25,2,261,2021-01-05 19:16:29.337588200,361,2021-01-05 19:22:30.000000000
-1745247799,SK20AZA,490009219W,25,2,245,2021-01-05 19:16:29.119114600,683,2021-01-05 19:27:52.000000000
2143831069,SK20BBF,490009219W,25,2,245,2021-01-05 19:16:29.119114600,155,2021-01-05 19:19:04.000000000
-1392108266,SK20BCY,490009219W,25,2,245,2021-01-05 19:16:29.119114600,1626,2021-01-05 19:43:35.000000000
1649072618,BF67GKN,490005320W,18,2,316,2021-01-05 19:16:58.904618100,594,2021-01-05 19:26:52.000000000
-185725826,BF67GLJ,490005320W,18,2,316,2021-01-05 19:16:58.904618100,1173,2021-01-05 19:36:31.000000000
1649269226,BF67GNN,490005320W,18,2,316,2021-01-05 19:16:58.904618100,86,2021-01-05 19:18:24.000000000
1616494901,LJ16EWF,490005320W,18,2,316,2021-01-05 19:16:58.904618100,1007,2021-01-05 19:33:45.000000000
-1965912443,LJ16EWV,490005320W,18,2,316,2021-01-05 19:16:58.904618100,447,2021-01-05 19:24:25.000000000
128997489,LJ16EWZ,490005320W,18,2,316,2021-01-05 19:16:58.904618100,1335,2021-01-05 19:39:13.000000000
-845462434,LJ66TSO,490005320W,18,2,316,2021-01-05 19:16:58.904618100,1733,2021-01-05 19:45:51.000000000
-883966106,SK20AYM,490012005E,25,1,59,2021-01-05 19:16:58.931021200,1040,2021-01-05 19:34:18.000000000
-1668625219,SK20AYP,490012005E,25,1,59,2021-01-05 19:16:58.931021200,322,2021-01-05 19:22:20.000000000
56776185,SK20AZD,490012005E,25,1,59,2021-01-05 19:16:58.931021200,496,2021-01-05 19:25:14.000000000
146769208,SK20AYU,490014249S,25,2,220,2021-01-05 19:16:58.943414500,549,2021-01-05 19:26:07.000000000
900875504,SK20BBF,490014249S,25,2,220,2021-01-05 19:16:58.943414500,1738,2021-01-05 19:45:56.000000000
-2083442703,BF67GKN,490014700W,18,2,296,2021-01-05 19:16:58.927810500,855,2021-01-05 19:31:13.000000000
360053349,BF67GLJ,490014700W,18,2,296,2021-01-05 19:16:58.927810500,1481,2021-01-05 19:41:39.000000000
-1633971063,BF67GLV,490014700W,18,2,296,2021-01-05 19:16:58.927810500,255,2021-01-05 19:21:13.000000000
-2083115023,BF67GNN,490014700W,18,2,296,2021-01-05 19:16:58.927810500,562,2021-01-05 19:26:20.000000000
-2117978322,LJ16EWF,490014700W,18,2,296,2021-01-05 19:16:58.927810500,1579,2021-01-05 19:43:17.000000000
1799977118,LJ16EWV,490014700W,18,2,296,2021-01-05 19:16:58.927810500,808,2021-01-05 19:30:26.000000000
220942524,SK20AYM,490003468E,25,1,66,2021-01-05 19:16:29.171626600,316,2021-01-05 19:21:45.000000000
1620192721,SK20AYN,490003468E,25,1,66,2021-01-05 19:16:29.171626600,1158,2021-01-05 19:35:47.000000000
-537977947,SK20AZJ,490003468E,25,1,66,2021-01-05 19:16:29.171626600,1655,2021-01-05 19:44:04.000000000
1666075971,BF67GKN,490000072W,18,2,252,2021-01-05 19:16:59.016741800,257,2021-01-05 19:21:16.000000000
-169174825,BF67GLJ,490000072W,18,2,252,2021-01-05 19:16:59.016741800,707,2021-01-05 19:28:46.000000000
509763943,BF67GLZ,490000072W,18,2,252,2021-01-05 19:16:59.016741800,1781,2021-01-05 19:46:40.000000000
1633506716,LJ16EWF,490000072W,18,2,252,2021-01-05 19:16:59.016741800,825,2021-01-05 19:30:44.000000000
-1948902868,LJ16EWV,490000072W,18,2,252,2021-01-05 19:16:59.016741800,139,2021-01-05 19:19:18.000000000
112512216,LJ16EWZ,490000072W,18,2,252,2021-01-05 19:16:59.016741800,1049,2021-01-05 19:34:28.000000000
-861941513,LJ66TSO,490000072W,18,2,252,2021-01-05 19:16:59.016741800,1438,2021-01-05 19:40:57.000000000
1581779375,BF67GKG,490008865W,18,2,292,2021-01-05 19:16:29.481265000,475,2021-01-05 19:24:24.000000000
13313422,BF67GKJ,490008865W,18,2,292,2021-01-05 19:16:29.481265000,30,2021-01-05 19:16:59.000000000
-1960424606,BF67GLV,490008865W,18,2,292,2021-01-05 19:16:29.481265000,958,2021-01-05 19:32:27.000000000
-1960359070,BF67GMV,490008865W,18,2,292,2021-01-05 19:16:29.481265000,883,2021-01-05 19:31:12.000000000
12985742,BF67GNJ,490008865W,18,2,292,2021-01-05 19:16:29.481265000,296,2021-01-05 19:21:25.000000000
-1771311078,BF67GNN,490008865W,18,2,292,2021-01-05 19:16:29.481265000,1293,2021-01-05 19:38:02.000000000
2129962869,LJ16EWV,490008865W,18,2,292,2021-01-05 19:16:29.481265000,1644,2021-01-05 19:43:53.000000000
12016849,BF67GLJ,4900020147W,18,2,238,2021-01-05 19:16:59.260559600,280,2021-01-05 19:21:39.000000000
-348150431,BF67GLZ,4900020147W,18,2,238,2021-01-05 19:16:59.260559600,1180,2021-01-05 19:36:39.000000000
1580822768,BF67GMG,4900020147W,18,2,238,2021-01-05 19:16:59.260559600,1569,2021-01-05 19:43:08.000000000
-1811902054,LJ16EWF,4900020147W,18,2,238,2021-01-05 19:16:59.260559600,233,2021-01-05 19:20:52.000000000
-202831650,LJ16EWZ,4900020147W,18,2,238,2021-01-05 19:16:59.260559600,478,2021-01-05 19:24:57.000000000
969020657,LJ66TSO,4900020147W,18,2,238,2021-01-05 19:16:59.260559600,820,2021-01-05 19:30:39.000000000
428700344,BF67GKE,490005452E,18,1,104,2021-01-05 19:16:59.054729200,946,2021-01-05 19:32:45.000000000
-1589590671,BF67GKP,490005452E,18,1,104,2021-01-05 19:16:59.054729200,124,2021-01-05 19:19:03.000000000
-248017197,BF67GKZ,490005452E,18,1,104,2021-01-05 19:16:59.054729200,294,2021-01-05 19:21:53.000000000
2116353606,LJ16EWH,490005452E,18,1,104,2021-01-05 19:16:59.054729200,1377,2021-01-05 19:39:56.000000000
30949695,LJ16EWU,490005452E,18,1,104,2021-01-05 19:16:59.054729200,1805,2021-01-05 19:47:04.000000000
155102879,SK20AYU,490002019B,25,2,255,2021-01-05 19:16:29.281000200,1081,2021-01-05 19:34:30.000000000
73442292,SK20AYX,490002019B,25,2,255,2021-01-05 19:16:29.281000200,367,2021-01-05 19:22:36.000000000
-1191219391,SK20AZF,490000004E,25,1,60,2021-01-05 19:16:59.076467700,1662,2021-01-05 19:44:41.000000000
-788133421,BF67GKG,490006871N,18,2,300,2021-01-05 19:16:29.634446100,873,2021-01-05 19:31:02.000000000
-1887099406,BF67GKJ,490006871N,18,2,300,2021-01-05 19:16:29.634446100,413,2021-01-05 19:23:22.000000000
73943838,BF67GLV,490006871N,18,2,300,2021-01-05 19:16:29.634446100,1413,2021-01-05 19:40:02.000000000
74009374,BF67GMV,490006871N,18,2,300,2021-01-05 19:16:29.634446100,1259,2021-01-05 19:37:28.000000000
-1886902798,BF67GNJ,490006871N,18,2,300,2021-01-05 19:16:29.634446100,649,2021-01-05 19:27:18.000000000
421916774,BF67GNN,490006871N,18,2,300,2021-01-05 19:16:29.634446100,1741,2021-01-05 19:45:30.000000000
-332682204,SK20AZA,490004985Y,25,2,299,2021-01-05 19:16:30.089078200,489,2021-01-05 19:24:39.000000000
-690745093,SK20BCY,490004985Y,25,2,299,2021-01-05 19:16:30.089078200,1449,2021-01-05 19:40:39.000000000
-1920220562,SK20AYN,490003025E,25,1,34,2021-01-05 19:16:29.462842700,313,2021-01-05 19:21:42.000000000
855045146,SK20AZJ,490003025E,25,1,34,2021-01-05 19:16:29.462842700,547,2021-01-05 19:25:36.000000000
-1563057171,SK20BCX,490003025E,25,1,34,2021-01-05 19:16:29.462842700,1095,2021-01-05 19:34:44.000000000
-1831178429,SK20BDF,490003025E,25,1,34,2021-01-05 19:16:29.462842700,913,2021-01-05 19:31:42.000000000
-2704598,SK20AYY,490000143E,25,1,105,2021-01-05 19:16:30.135952000,1365,2021-01-05 19:39:15.000000000
755687971,SK20AZF,490000143E,25,1,105,2021-01-05 19:16:30.135952000,949,2021-01-05 19:32:19.000000000
935372658,SK20AXT,490006827W,25,2,235,2021-01-05 19:16:29.532092200,643,2021-01-05 19:27:12.000000000
-1746460994,SK20AYX,490006827W,25,2,235,2021-01-05 19:16:29.532092200,1261,2021-01-05 19:37:30.000000000
2013628493,SK20BDV,490006827W,25,2,235,2021-01-05 19:16:29.532092200,903,2021-01-05 19:31:32.000000000
807813048,BF67GKO,490015473E,18,1,87,2021-01-05 19:16:59.320333100,98,2021-01-05 19:18:37.000000000
-1206467373,BF67GKP,490015473E,18,1,87,2021-01-05 19:16:59.320333100,1607,2021-01-05 19:43:46.000000000
-396259471,BF67GKZ,490015473E,18,1,87,2021-01-05 19:16:59.320333100,1702,2021-01-05 19:45:21.000000000
-290550326,BF67GNU,490015473E,18,1,87,2021-01-05 19:16:59.320333100,648,2021-01-05 19:27:47.000000000
-704872113,LJ15JZD,490015473E,18,1,87,2021-01-05 19:16:59.320333100,559,2021-01-05 19:26:18.000000000
1305151892,LJ16EWX,490015473E,18,1,87,2021-01-05 19:16:59.320333100,965,2021-01-05 19:33:04.000000000
701706233,BF67GKN,490012788W,18,2,268,2021-01-05 19:16:59.430416900,972,2021-01-05 19:33:11.000000000
-1082656147,BF67GLJ,490012788W,18,2,268,2021-01-05 19:16:59.430416900,1603,2021-01-05 19:43:42.000000000
882480257,BF67GLV,490012788W,18,2,268,2021-01-05 19:16:59.430416900,428,2021-01-05 19:24:07.000000000
882414721,BF67GMV,490012788W,18,2,268,2021-01-05 19:16:59.430416900,120,2021-01-05 19:18:59.000000000
701771769,BF67GNN,490012788W,18,2,268,2021-01-05 19:16:59.430416900,675,2021-01-05 19:28:14.000000000
734017318,LJ16EWF,490012788W,18,2,268,2021-01-05 19:16:59.430416900,1655,2021-01-05 19:44:34.000000000
-1052018538,LJ16EWV,490012788W,18,2,268,2021-01-05 19:16:59.430416900,925,2021-01-05 19:32:24.000000000
868484216,BF67GKK,490001282N,18,2,340,2020-12-30 15:39:16.685130000,1124,2020-12-30 15:58:00.000000000
1726368301,BF67GLZ,490001282N,18,2,340,2020-12-30 15:39:16.685130000,786,2020-12-30 15:52:22.000000000
-1073680046,BF67GMY,490001282N,18,2,340,2020-12-30 15:39:16.685130000,514,2020-12-30 15:47:50.000000000
466445833,BF67GNN,490001282N,18,2,340,2020-12-30 15:39:16.685130000,190,2020-12-30 15:42:26.000000000
-212717210,LJ16EWV,490001282N,18,2,340,2020-12-30 15:39:16.685130000,1743,2020-12-30 16:08:19.000000000
-1273234499,LJ66TSO,490001282N,18,2,340,2020-12-30 15:39:16.685130000,1427,2020-12-30 16:03:03.000000000
-924098381,SK20AYJ,490007341E,25,1,58,2021-01-05 19:16:29.620338400,1279,2021-01-05 19:37:48.000000000
1489712964,SK20BCX,490007341E,25,1,58,2021-01-05 19:16:29.620338400,432,2021-01-05 19:23:41.000000000
1757740010,SK20BDF,490007341E,25,1,58,2021-01-05 19:16:29.620338400,288,2021-01-05 19:21:17.000000000
1648224705,SK20AYN,490014215N,25,1,38,2021-01-05 19:16:59.320333100,358,2021-01-05 19:22:57.000000000
-582950987,SK20AZJ,490014215N,25,1,38,2021-01-05 19:16:59.320333100,595,2021-01-05 19:26:54.000000000
1298368578,SK20BCX,490014215N,25,1,38,2021-01-05 19:16:59.320333100,1150,2021-01-05 19:36:09.000000000
2104247532,SK20BDF,490014215N,25,1,38,2021-01-05 19:16:59.320333100,965,2021-01-05 19:33:04.000000000
-1835934469,BF67GKE,490014315N1,18,1,147,2021-01-05 19:15:59.684710500,653,2021-01-05 19:26:52.000000000
2049646736,BF67GKZ,490014315N1,18,1,147,2021-01-05 19:15:59.684710500,27,2021-01-05 19:16:26.000000000
-180858875,LJ16EWH,490014315N1,18,1,147,2021-01-05 19:15:59.684710500,1073,2021-01-05 19:33:52.000000000
-1966805124,LJ16EWU,490014315N1,18,1,147,2021-01-05 19:15:59.684710500,1495,2021-01-05 19:40:54.000000000
1752507250,SK20AYU,490015114E,25,2,231,2021-01-05 19:16:59.311846000,14,2021-01-05 19:17:13.000000000
-1119287442,SK20AZA,490015114E,25,2,231,2021-01-05 19:16:59.311846000,1778,2021-01-05 19:46:37.000000000
1433985722,SK20BBF,490015114E,25,2,231,2021-01-05 19:16:59.311846000,1344,2021-01-05 19:39:23.000000000
66426781,BF67GKP,490006832E,18,1,102,2021-01-05 19:16:59.524194800,1099,2021-01-05 19:35:18.000000000
1401084991,BF67GKZ,490006832E,18,1,102,2021-01-05 19:16:59.524194800,1210,2021-01-05 19:37:09.000000000
1431166596,BF67GNU,490006832E,18,1,102,2021-01-05 19:16:59.524194800,163,2021-01-05 19:19:42.000000000
1847579137,LJ15JZD,490006832E,18,1,102,2021-01-05 19:16:59.524194800,103,2021-01-05 19:18:42.000000000
-165127462,LJ16EWX,490006832E,18,1,102,2021-01-05 19:16:59.524194800,487,2021-01-05 19:25:06.000000000
-802737776,SK20AXT,490010258K,25,2,243,2021-01-05 19:16:59.368510400,529,2021-01-05 19:25:48.000000000
2103346487,SK20AYU,490010258K,25,2,243,2021-01-05 19:16:59.368510400,1789,2021-01-05 19:46:48.000000000
1879083100,SK20AYX,490010258K,25,2,243,2021-01-05 19:16:59.368510400,1153,2021-01-05 19:36:12.000000000
-1612570961,SK20BDV,490010258K,25,2,243,2021-01-05 19:16:59.368510400,822,2021-01-05 19:30:41.000000000
677691430,BF67GKN,490000122W,18,2,294,2021-01-05 19:15:59.745976900,981,2021-01-05 19:32:20.000000000
-1094707790,BF67GLJ,490000122W,18,2,294,2021-01-05 19:15:59.745976900,1610,2021-01-05 19:42:49.000000000
892238686,BF67GLV,490000122W,18,2,294,2021-01-05 19:15:59.745976900,439,2021-01-05 19:23:18.000000000
892304222,BF67GMV,490000122W,18,2,294,2021-01-05 19:15:59.745976900,171,2021-01-05 19:18:50.000000000
677625894,BF67GNN,490000122W,18,2,294,2021-01-05 19:15:59.745976900,560,2021-01-05 19:25:19.000000000
712497401,LJ16EWF,490000122W,18,2,294,2021-01-05 19:15:59.745976900,1704,2021-01-05 19:44:23.000000000
-1057188023,LJ16EWV,490000122W,18,2,294,2021-01-05 19:15:59.745976900,956,2021-01-05 19:31:55.000000000
-331183420,BF67GKO,490015502N,18,1,72,2021-01-05 19:16:29.749742000,470,2021-01-05 19:24:19.000000000
852113590,BF67GNU,490015502N,18,1,72,2021-01-05 19:16:29.749742000,1096,2021-01-05 19:34:45.000000000
160969779,LJ15JZD,490015502N,18,1,72,2021-01-05 19:16:29.749742000,840,2021-01-05 19:30:29.000000000
-1850753816,LJ16EWX,490015502N,18,1,72,2021-01-05 19:16:29.749742000,1384,2021-01-05 19:39:33.000000000
247282406,LJ66TRZ,490015502N,18,1,72,2021-01-05 19:16:29.749742000,233,2021-01-05 19:20:22.000000000
484153300,SK20AXT,490013195H,25,2,256,2021-01-05 19:16:59.868743800,1249,2021-01-05 19:37:48.000000000
-1124323816,SK20AYX,490013195H,25,2,256,2021-01-05 19:16:59.868743800,1738,2021-01-05 19:45:57.000000000
1394522347,SK20BDV,490013195H,25,2,256,2021-01-05 19:16:59.868743800,1463,2021-01-05 19:41:22.000000000
-1132384747,SK20BDX,490013195H,25,2,256,2021-01-05 19:16:59.868743800,146,2021-01-05 19:19:25.000000000
-550206012,SK20AYU,490004206J,25,2,245,2021-01-05 19:16:59.509092600,879,2021-01-05 19:31:38.000000000
-764770129,SK20AYX,490004206J,25,2,245,2021-01-05 19:16:59.509092600,212,2021-01-05 19:20:31.000000000
8283220,BF67GKE,490013613E,18,1,105,2021-01-05 11:22:25.218722900,155,2021-01-05 11:25:00.000000000
7365716,BF67GME,490013613E,18,1,105,2021-01-05 11:22:25.218722900,479,2021-01-05 11:30:24.000000000
-301426044,BF67GMU,490013613E,18,1,105,2021-01-05 11:22:25.218722900,1237,2021-01-05 11:43:02.000000000
1310794560,BF67GMY,490013613E,18,1,105,2021-01-05 11:22:25.218722900,1407,2021-01-05 11:45:52.000000000
1742203050,LJ16EWH,490013613E,18,1,105,2021-01-05 11:22:25.218722900,415,2021-01-05 11:29:20.000000000
405493715,LJ16EWU,490013613E,18,1,105,2021-01-05 11:22:25.218722900,538,2021-01-05 11:31:23.000000000
-178223387,SK20AYB,490010328E,25,1,64,2021-01-05 19:16:59.459014300,150,2021-01-05 19:19:29.000000000
226174996,SK20AYM,490010328E,25,1,64,2021-01-05 19:16:59.459014300,1203,2021-01-05 19:37:02.000000000
1522424783,SK20AYP,490010328E,25,1,64,2021-01-05 19:16:59.459014300,506,2021-01-05 19:25:25.000000000
-984169845,SK20AZD,490010328E,25,1,64,2021-01-05 19:16:59.459014300,703,2021-01-05 19:28:42.000000000
270869267,SK20AYU,490000146C,25,2,246,2021-01-05 19:16:59.476569600,1243,2021-01-05 19:37:42.000000000
494612088,SK20AYX,490000146C,25,2,246,2021-01-05 19:16:59.476569600,528,2021-01-05 19:25:47.000000000
-224806773,SK20BDV,490000146C,25,2,246,2021-01-05 19:16:59.476569600,141,2021-01-05 19:19:20.000000000
-1109192599,BF67GKE,490000122E,18,1,100,2021-01-05 19:16:59.482706400,1741,2021-01-05 19:46:00.000000000
86943648,BF67GKP,490000122E,18,1,100,2021-01-05 19:16:59.482706400,917,2021-01-05 19:32:16.000000000
1431956482,BF67GKZ,490000122E,18,1,100,2021-01-05 19:16:59.482706400,1027,2021-01-05 19:34:06.000000000
-252482841,LJ16EWX,490000122E,18,1,100,2021-01-05 19:16:59.482706400,381,2021-01-05 19:23:20.000000000
-1460992173,SK20AYA,490012131E,25,1,70,2020-12-30 15:39:43.901806000,895,2020-12-30 15:54:38.000000000
-1461057709,SK20AZA,490012131E,25,1,70,2020-12-30 15:39:43.901806000,1776,2020-12-30 16:09:19.000000000
1916609392,SK20BBU,490012131E,25,1,70,2020-12-30 15:39:43.901806000,1315,2020-12-30 16:01:38.000000000
794997789,BF67GKE,490014975E,18,1,125,2021-01-05 19:16:59.931243300,746,2021-01-05 19:29:25.000000000
-942126986,BF67GKZ,490014975E,18,1,125,2021-01-05 19:16:59.931243300,108,2021-01-05 19:18:47.000000000
1221277923,LJ16EWH,490014975E,18,1,125,2021-01-05 19:16:59.931243300,1169,2021-01-05 19:36:28.000000000
926386074,LJ16EWU,490014975E,18,1,125,2021-01-05 19:16:59.931243300,1589,2021-01-05 19:43:28.000000000
-770665912,BF67GKG,490009981N,18,2,332,2021-01-05 19:16:30.057828000,609,2021-01-05 19:26:39.000000000
-1936474519,BF67GKJ,490009981N,18,2,332,2021-01-05 19:16:30.057828000,316,2021-01-05 19:21:46.000000000
125751429,BF67GLV,490009981N,18,2,332,2021-01-05 19:16:30.057828000,1334,2021-01-05 19:38:44.000000000
125816965,BF67GMV,490009981N,18,2,332,2021-01-05 19:16:30.057828000,1157,2021-01-05 19:35:47.000000000
-1935753623,BF67GNJ,490009981N,18,2,332,2021-01-05 19:16:30.057828000,567,2021-01-05 19:25:57.000000000
439577597,BF67GNN,490009981N,18,2,332,2021-01-05 19:16:30.057828000,1649,2021-01-05 19:43:59.000000000
1135969729,SK20AYU,490004215P,25,2,230,2021-01-05 19:16:59.584007300,736,2021-01-05 19:29:15.000000000
1324058794,SK20AYX,490004215P,25,2,230,2021-01-05 19:16:59.584007300,62,2021-01-05 19:18:01.000000000
487599733,SK20BCX,490000146D,25,1,67,2021-01-05 19:16:59.685830000,471,2021-01-05 19:24:50.000000000
757064411,SK20BDF,490000146D,25,1,67,2021-01-05 19:16:59.685830000,327,2021-01-05 19:22:26.000000000
1510030848,BF67GKL,490000196C,18,1,104,2020-12-30 15:39:50.605944500,1387,2020-12-30 16:02:57.000000000
-1171282084,BF67GKP,490000196C,18,1,104,2020-12-30 15:39:50.605944500,115,2020-12-30 15:41:45.000000000
-278204859,BF67GKU,490000196C,18,1,104,2020-12-30 15:39:50.605944500,1503,2020-12-30 16:04:53.000000000
1599945071,BF67GMG,490000196C,18,1,104,2020-12-30 15:39:50.605944500,240,2020-12-30 15:43:50.000000000
-1975747678,BF67GMV,490000196C,18,1,104,2020-12-30 15:39:50.605944500,803,2020-12-30 15:53:13.000000000
-1069147560,LJ16EWW,490000196C,18,1,104,2020-12-30 15:39:50.605944500,606,2020-12-30 15:49:56.000000000
-225623743,LJ16EWZ,490000196C,18,1,104,2020-12-30 15:39:50.605944500,645,2020-12-30 15:50:35.000000000
683481643,SK20AXT,490000004W,25,2,239,2021-01-05 19:16:59.568381700,790,2021-01-05 19:30:09.000000000
-2003131417,SK20AYX,490000004W,25,2,239,2021-01-05 19:16:59.568381700,1508,2021-01-05 19:42:07.000000000
1735931156,SK20BDV,490000004W,25,2,239,2021-01-05 19:16:59.568381700,967,2021-01-05 19:33:06.000000000
442706858,SK20AYM,490001341H,25,1,62,2021-01-05 19:16:59.652359800,767,2021-01-05 19:29:46.000000000
2010797767,SK20AYN,490001341H,25,1,62,2021-01-05 19:16:59.652359800,1635,2021-01-05 19:44:14.000000000
1302747249,SK20AYP,490001341H,25,1,62,2021-01-05 19:16:59.652359800,47,2021-01-05 19:17:46.000000000
-766590667,SK20AZD,490001341H,25,1,62,2021-01-05 19:16:59.652359800,309,2021-01-05 19:22:08.000000000
-1206806628,BF67GKP,490007865E,18,1,104,2021-01-05 19:16:00.074077500,1433,2021-01-05 19:39:53.000000000
-395912130,BF67GKZ,490007865E,18,1,104,2021-01-05 19:16:00.074077500,1544,2021-01-05 19:41:44.000000000
-290857339,BF67GNU,490007865E,18,1,104,2021-01-05 19:16:00.074077500,583,2021-01-05 19:25:43.000000000
-704916992,LJ15JZD,490007865E,18,1,104,2021-01-05 19:16:00.074077500,432,2021-01-05 19:23:12.000000000
1305238235,LJ16EWX,490007865E,18,1,104,2021-01-05 19:16:00.074077500,821,2021-01-05 19:29:41.000000000
374800318,BF67GKE,490014700E,18,1,103,2021-01-05 19:16:59.664254500,1783,2021-01-05 19:46:42.000000000
-1365555081,BF67GKP,490014700E,18,1,103,2021-01-05 19:16:59.664254500,959,2021-01-05 19:32:58.000000000
-18086955,BF67GKZ,490014700E,18,1,103,2021-01-05 19:16:59.664254500,1070,2021-01-05 19:34:49.000000000
-131923602,BF67GNU,490014700E,18,1,103,2021-01-05 19:16:59.664254500,44,2021-01-05 19:17:43.000000000
1531348272,LJ16EWX,490014700E,18,1,103,2021-01-05 19:16:59.664254500,355,2021-01-05 19:22:54.000000000
778039323,BF67GKN,490006832W,18,2,277,2021-01-05 19:16:59.732704500,923,2021-01-05 19:32:22.000000000
-1191500401,BF67GLJ,490006832W,18,2,277,2021-01-05 19:16:59.732704500,1356,2021-01-05 19:39:35.000000000
857033571,BF67GLV,490006832W,18,2,277,2021-01-05 19:16:59.732704500,187,2021-01-05 19:20:06.000000000
777580571,BF67GNN,490006832W,18,2,277,2021-01-05 19:16:59.732704500,428,2021-01-05 19:24:07.000000000
743237828,LJ16EWF,490006832W,18,2,277,2021-01-05 19:16:59.732704500,1361,2021-01-05 19:39:40.000000000
-959993996,LJ16EWV,490006832W,18,2,277,2021-01-05 19:16:59.732704500,689,2021-01-05 19:28:28.000000000
1269133696,LJ16EWZ,490006832W,18,2,277,2021-01-05 19:16:59.732704500,1729,2021-01-05 19:45:48.000000000
-582951088,SK20AYJ,490004215M,25,1,61,2021-01-05 19:16:30.132371500,1755,2021-01-05 19:45:45.000000000
1648290084,SK20AYN,490004215M,25,1,61,2021-01-05 19:16:30.132371500,76,2021-01-05 19:17:46.000000000
-582754480,SK20AZJ,490004215M,25,1,61,2021-01-05 19:16:30.132371500,267,2021-01-05 19:20:57.000000000
1298172071,SK20BCX,490004215M,25,1,61,2021-01-05 19:16:30.132371500,816,2021-01-05 19:30:06.000000000
2104443913,SK20BDF,490004215M,25,1,61,2021-01-05 19:16:30.132371500,644,2021-01-05 19:27:14.000000000
-1790513126,BF67GKN,490007865H,18,2,282,2021-01-05 19:16:59.759086200,590,2021-01-05 19:26:49.000000000
65152398,BF67GLJ,490007865H,18,2,282,2021-01-05 19:16:59.759086200,1120,2021-01-05 19:35:39.000000000
-1790840806,BF67GNN,490007865H,18,2,282,2021-01-05 19:16:59.759086200,247,2021-01-05 19:21:06.000000000
-1755977531,LJ16EWF,490007865H,18,2,282,2021-01-05 19:16:59.759086200,1142,2021-01-05 19:36:01.000000000
2111743861,LJ16EWV,490007865H,18,2,282,2021-01-05 19:16:59.759086200,480,2021-01-05 19:24:59.000000000
-256085631,LJ16EWZ,490007865H,18,2,282,2021-01-05 19:16:59.759086200,1480,2021-01-05 19:41:39.000000000
1775204798,BF67GKG,490014315N2,18,2,321,2021-01-05 19:16:59.773430300,939,2021-01-05 19:32:38.000000000
927749535,BF67GKJ,490014315N2,18,2,321,2021-01-05 19:16:59.773430300,445,2021-01-05 19:24:24.000000000
-1130284173,BF67GLV,490014315N2,18,2,321,2021-01-05 19:16:59.773430300,1497,2021-01-05 19:41:56.000000000
-1130349709,BF67GMV,490014315N2,18,2,321,2021-01-05 19:16:59.773430300,1350,2021-01-05 19:39:29.000000000
927028639,BF67GNJ,490014315N2,18,2,321,2021-01-05 19:16:59.773430300,781,2021-01-05 19:30:00.000000000
-23682318,BF67GKN,490005491W,18,2,252,2021-01-05 19:16:59.708999900,1321,2021-01-05 19:39:00.000000000
-472114806,BF67GLV,490005491W,18,2,252,2021-01-05 19:16:59.708999900,476,2021-01-05 19:24:55.000000000
-472049270,BF67GMV,490005491W,18,2,252,2021-01-05 19:16:59.708999900,280,2021-01-05 19:21:39.000000000
-24009998,BF67GNN,490005491W,18,2,252,2021-01-05 19:16:59.708999900,755,2021-01-05 19:29:34.000000000
370079133,LJ16EWV,490005491W,18,2,252,2021-01-05 19:16:59.708999900,1123,2021-01-05 19:35:42.000000000
-1515537487,BF67GKN,490007666W,18,2,279,2021-01-05 19:16:59.790335100,878,2021-01-05 19:31:37.000000000
856583717,BF67GLJ,490007666W,18,2,279,2021-01-05 19:16:59.790335100,1314,2021-01-05 19:38:53.000000000
-1193279287,BF67GLV,490007666W,18,2,279,2021-01-05 19:16:59.790335100,143,2021-01-05 19:19:22.000000000
-1515340879,BF67GNN,490007666W,18,2,279,2021-01-05 19:16:59.790335100,391,2021-01-05 19:23:30.000000000
-1481006226,LJ16EWF,490007666W,18,2,279,2021-01-05 19:16:59.790335100,1277,2021-01-05 19:38:16.000000000
1295183070,LJ16EWV,490007666W,18,2,279,2021-01-05 19:16:59.790335100,644,2021-01-05 19:27:43.000000000
-1068484054,LJ16EWZ,490007666W,18,2,279,2021-01-05 19:16:59.790335100,1687,2021-01-05 19:45:06.000000000
-1737422856,SK20AZA,490008189W,25,2,238,2021-01-05 19:16:30.306546400,893,2021-01-05 19:31:23.000000000
1883300396,SK20BBF,490008189W,25,2,238,2021-01-05 19:16:30.306546400,413,2021-01-05 19:23:23.000000000
-2138890690,SK20AZA,490001341G,25,2,243,2021-01-05 19:16:30.775442000,976,2021-01-05 19:32:46.000000000
1756560362,SK20BBF,490001341G,25,2,243,2021-01-05 19:16:30.775442000,496,2021-01-05 19:24:46.000000000
1607918601,SK20AYM,490009570E,25,1,59,2021-01-05 19:17:00.026499700,974,2021-01-05 19:33:14.000000000
135501778,SK20AYP,490009570E,25,1,59,2021-01-05 19:17:00.026499700,271,2021-01-05 19:21:31.000000000
-1745154410,SK20AZD,490009570E,25,1,59,2021-01-05 19:17:00.026499700,508,2021-01-05 19:25:28.000000000
1561122475,BF67GKG,490005720W,18,2,304,2021-01-05 19:16:31.432754600,429,2021-01-05 19:23:40.000000000
-1792528610,BF67GKN,490005720W,18,2,304,2021-01-05 19:16:31.432754600,1804,2021-01-05 19:46:35.000000000
-2006805402,BF67GLV,490005720W,18,2,304,2021-01-05 19:16:31.432754600,1048,2021-01-05 19:33:59.000000000
-2006739866,BF67GMV,490005720W,18,2,304,2021-01-05 19:16:31.432754600,821,2021-01-05 19:30:12.000000000
58915466,BF67GNJ,490005720W,18,2,304,2021-01-05 19:16:31.432754600,259,2021-01-05 19:20:50.000000000
-1792069858,BF67GNN,490005720W,18,2,304,2021-01-05 19:16:31.432754600,1229,2021-01-05 19:37:00.000000000
2108717169,LJ16EWV,490005720W,18,2,304,2021-01-05 19:16:31.432754600,1584,2021-01-05 19:42:55.000000000
-494102582,SK20AYN,490009695MA,25,1,42,2021-01-05 19:17:00.337467300,173,2021-01-05 19:19:53.000000000
1576116670,SK20AZJ,490009695MA,25,1,42,2021-01-05 19:17:00.337467300,390,2021-01-05 19:23:30.000000000
-841812407,SK20BCX,490009695MA,25,1,42,2021-01-05 19:17:00.337467300,917,2021-01-05 19:32:17.000000000
-35833113,SK20BDF,490009695MA,25,1,42,2021-01-05 19:17:00.337467300,780,2021-01-05 19:30:00.000000000
-898845795,BF67GLJ,490000252V,18,2,246,2021-01-05 19:16:01.174294000,284,2021-01-05 19:20:45.000000000
568609325,BF67GLZ,490000252V,18,2,246,2021-01-05 19:16:01.174294000,1330,2021-01-05 19:38:11.000000000
-1797087300,BF67GMG,490000252V,18,2,246,2021-01-05 19:16:01.174294000,1690,2021-01-05 19:44:11.000000000
1591443158,LJ16EWF,490000252V,18,2,246,2021-01-05 19:16:01.174294000,358,2021-01-05 19:21:59.000000000
959637394,LJ16EWZ,490000252V,18,2,246,2021-01-05 19:16:01.174294000,614,2021-01-05 19:26:15.000000000
-216400963,LJ66TSO,490000252V,18,2,246,2021-01-05 19:16:01.174294000,945,2021-01-05 19:31:46.000000000
1153960309,BF67GKG,490012848W,18,2,272,2021-01-05 19:16:30.698401900,556,2021-01-05 19:25:46.000000000
441132372,BF67GKJ,490012848W,18,2,272,2021-01-05 19:16:30.698401900,93,2021-01-05 19:18:03.000000000
-1851372616,BF67GLV,490012848W,18,2,272,2021-01-05 19:16:30.698401900,1038,2021-01-05 19:33:48.000000000
-1851307080,BF67GMV,490012848W,18,2,272,2021-01-05 19:16:30.698401900,957,2021-01-05 19:32:27.000000000
440804692,BF67GNJ,490012848W,18,2,272,2021-01-05 19:16:30.698401900,374,2021-01-05 19:22:44.000000000
-1930694464,BF67GNN,490012848W,18,2,272,2021-01-05 19:16:30.698401900,1395,2021-01-05 19:39:45.000000000
1685366703,LJ16EWV,490012848W,18,2,272,2021-01-05 19:16:30.698401900,1776,2021-01-05 19:46:06.000000000
-345835921,BF67GKZ,490010332J,18,1,146,2020-12-30 15:39:04.294889400,257,2020-12-30 15:43:21.000000000
15273951,BF67GLJ,490010332J,18,1,146,2020-12-30 15:39:04.294889400,1057,2020-12-30 15:56:41.000000000
-531690182,SK20AYJ,490012648L,25,1,69,2021-01-05 19:16:01.328967700,1544,2021-01-05 19:41:45.000000000
-531886790,SK20AZJ,490012648L,25,1,69,2021-01-05 19:16:01.328967700,55,2021-01-05 19:16:56.000000000
1886345933,SK20BCX,490012648L,25,1,69,2021-01-05 19:16:01.328967700,610,2021-01-05 19:26:11.000000000
1080071779,SK20BDF,490012648L,25,1,69,2021-01-05 19:16:01.328967700,471,2021-01-05 19:23:52.000000000
439329513,BF67GKN,490003444W,18,2,309,2021-01-05 19:16:59.880868900,670,2021-01-05 19:28:09.000000000
-1937016963,BF67GLJ,490003444W,18,2,309,2021-01-05 19:16:59.880868900,1251,2021-01-05 19:37:50.000000000
124066193,BF67GLV,490003444W,18,2,309,2021-01-05 19:16:59.880868900,82,2021-01-05 19:18:21.000000000
438870761,BF67GNN,490003444W,18,2,309,2021-01-05 19:16:59.880868900,283,2021-01-05 19:21:42.000000000
406633014,LJ16EWF,490003444W,18,2,309,2021-01-05 19:16:59.880868900,1224,2021-01-05 19:37:23.000000000
-222825082,LJ16EWV,490003444W,18,2,309,2021-01-05 19:16:59.880868900,559,2021-01-05 19:26:18.000000000
2144674674,LJ16EWZ,490003444W,18,2,309,2021-01-05 19:16:59.880868900,1562,2021-01-05 19:43:01.000000000
21233489,BF67GKE,490005720E,18,1,115,2021-01-05 19:17:00.180389700,1135,2021-01-05 19:35:55.000000000
-1181857640,BF67GKP,490005720E,18,1,115,2021-01-05 19:17:00.180389700,324,2021-01-05 19:22:24.000000000
-369556678,BF67GKZ,490005720E,18,1,115,2021-01-05 19:17:00.180389700,498,2021-01-05 19:25:18.000000000
-1542207994,BF67GKE,490009571A,18,1,135,2021-01-05 19:16:59.943364000,1338,2021-01-05 19:39:17.000000000
484340175,BF67GKP,490009571A,18,1,135,2021-01-05 19:16:59.943364000,523,2021-01-05 19:25:42.000000000
1286158957,BF67GKZ,490009571A,18,1,135,2021-01-05 19:16:59.943364000,631,2021-01-05 19:27:30.000000000
-1011201288,LJ16EWH,490009571A,18,1,135,2021-01-05 19:16:59.943364000,1768,2021-01-05 19:46:27.000000000
-959917661,BF67GKO,490000071E,18,1,73,2021-01-05 19:16:59.958988300,331,2021-01-05 19:22:30.000000000
1324886728,BF67GKP,490000071E,18,1,73,2021-01-05 19:16:59.958988300,1755,2021-01-05 19:46:14.000000000
406873041,BF67GNU,490000071E,18,1,73,2021-01-05 19:16:59.958988300,960,2021-01-05 19:32:59.000000000
588410708,LJ15JZD,490000071E,18,1,73,2021-01-05 19:16:59.958988300,633,2021-01-05 19:27:32.000000000
-1155143793,LJ16EWX,490000071E,18,1,73,2021-01-05 19:16:59.958988300,1265,2021-01-05 19:38:04.000000000
607609217,LJ66TRZ,490000071E,18,1,73,2021-01-05 19:16:59.958988300,115,2021-01-05 19:18:54.000000000
452022549,SK20AYM,490013480E,25,1,73,2021-01-05 19:16:59.992164700,82,2021-01-05 19:18:21.000000000
2001218680,SK20AYN,490013480E,25,1,73,2021-01-05 19:16:59.992164700,981,2021-01-05 19:33:20.000000000
-936044020,SK20AZJ,490013480E,25,1,73,2021-01-05 19:16:59.992164700,1458,2021-01-05 19:41:17.000000000
58471020,SK20AYM,490008189E,25,1,54,2021-01-05 19:16:00.969852500,889,2021-01-05 19:30:49.000000000
1858424577,SK20AYN,490008189E,25,1,54,2021-01-05 19:16:00.969852500,1737,2021-01-05 19:44:57.000000000
1421427127,SK20AYP,490008189E,25,1,54,2021-01-05 19:16:00.969852500,169,2021-01-05 19:18:49.000000000
-883828493,SK20AZD,490008189E,25,1,54,2021-01-05 19:16:00.969852500,431,2021-01-05 19:23:11.000000000
-1481087843,SK20AZA,490012414W,25,2,252,2021-01-05 19:17:00.040332200,1414,2021-01-05 19:40:34.000000000
1334411593,SK20BBF,490012414W,25,2,252,2021-01-05 19:17:00.040332200,900,2021-01-05 19:32:00.000000000
1197663262,BF67GKO,490000252KA,18,1,65,2021-01-05 19:17:00.013921000,766,2021-01-05 19:29:46.000000000
-1712695700,BF67GNU,490000252KA,18,1,65,2021-01-05 19:17:00.013921000,1340,2021-01-05 19:39:20.000000000
-1882195613,LJ15JYZ,490000252KA,18,1,65,2021-01-05 19:17:00.013921000,204,2021-01-05 19:20:24.000000000
-1564976407,LJ15JZD,490000252KA,18,1,65,2021-01-05 19:17:00.013921000,1199,2021-01-05 19:36:59.000000000
982503986,LJ16EWX,490000252KA,18,1,65,2021-01-05 19:17:00.013921000,1682,2021-01-05 19:45:02.000000000
-1516415940,LJ66TRZ,490000252KA,18,1,65,2021-01-05 19:17:00.013921000,459,2021-01-05 19:24:39.000000000
-941940554,BF67GKE,490012803E,18,1,113,2021-01-05 19:17:00.117157600,1235,2021-01-05 19:37:35.000000000
2132187007,BF67GKP,490012803E,18,1,113,2021-01-05 19:17:00.117157600,415,2021-01-05 19:23:55.000000000
794942685,BF67GKZ,490012803E,18,1,113,2021-01-05 19:17:00.117157600,523,2021-01-05 19:25:43.000000000
-1603097528,LJ16EWH,490012803E,18,1,113,2021-01-05 19:17:00.117157600,1657,2021-01-05 19:44:37.000000000
-1078657098,BF67GKE,490012788E,18,1,127,2021-01-05 19:17:00.587476500,1689,2021-01-05 19:45:09.000000000
125388927,BF67GKP,490012788E,18,1,127,2021-01-05 19:17:00.587476500,859,2021-01-05 19:31:19.000000000
1460536285,BF67GKZ,490012788E,18,1,127,2021-01-05 19:17:00.587476500,972,2021-01-05 19:33:12.000000000
-224099016,LJ16EWX,490012788E,18,1,127,2021-01-05 19:17:00.587476500,284,2021-01-05 19:21:44.000000000
-1111970777,SK20AZA,490006936W,25,2,244,2021-01-05 19:17:00.149704900,1468,2021-01-05 19:41:28.000000000
1435060723,SK20BBF,490006936W,25,2,244,2021-01-05 19:17:00.149704900,954,2021-01-05 19:32:54.000000000
-1020643382,SK20AZA,490006856W,25,2,243,2021-01-05 19:17:00.321054300,802,2021-01-05 19:30:22.000000000
723243550,SK20BBF,490006856W,25,2,243,2021-01-05 19:17:00.321054300,255,2021-01-05 19:21:15.000000000
-103445739,SK20BCY,490006856W,25,2,243,2021-01-05 19:17:00.321054300,1762,2021-01-05 19:46:22.000000000
-1771746016,BF67GKN,490015040Z,18,2,253,2021-01-05 19:16:01.024461300,147,2021-01-05 19:18:28.000000000
12687540,BF67GLJ,490015040Z,18,2,253,2021-01-05 19:16:01.024461300,602,2021-01-05 19:26:03.000000000
-347512572,BF67GLZ,490015040Z,18,2,253,2021-01-05 19:16:01.024461300,1674,2021-01-05 19:43:55.000000000
-1804184065,LJ16EWF,490015040Z,18,2,253,2021-01-05 19:16:01.024461300,693,2021-01-05 19:27:34.000000000
-207631173,LJ16EWZ,490015040Z,18,2,253,2021-01-05 19:16:01.024461300,933,2021-01-05 19:31:34.000000000
968151188,LJ66TSO,490015040Z,18,2,253,2021-01-05 19:16:01.024461300,1314,2021-01-05 19:37:55.000000000
31427886,SK20AXT,490011315W,25,2,239,2021-01-05 19:16:30.901518800,110,2021-01-05 19:18:20.000000000
-1398392439,SK20AYU,490011315W,25,2,239,2021-01-05 19:16:30.901518800,1392,2021-01-05 19:39:42.000000000
-1577569054,SK20AYX,490011315W,25,2,239,2021-01-05 19:16:30.901518800,806,2021-01-05 19:29:56.000000000
1310368273,SK20BDV,490011315W,25,2,239,2021-01-05 19:16:30.901518800,291,2021-01-05 19:21:21.000000000
199976253,SK20AZA,490007497W,25,2,260,2021-01-05 19:17:00.179837600,1232,2021-01-05 19:37:32.000000000
-472219415,SK20BBF,490007497W,25,2,260,2021-01-05 19:17:00.179837600,714,2021-01-05 19:28:54.000000000
-1525003968,SK20AYJ,490009873D,25,1,69,2021-01-05 19:16:30.897962300,966,2021-01-05 19:32:36.000000000
893001399,SK20BCX,490009873D,25,1,69,2021-01-05 19:16:30.897962300,83,2021-01-05 19:17:53.000000000
824243214,SK20AYJ,490000029Q,25,1,69,2021-01-05 19:16:30.952815200,1541,2021-01-05 19:42:11.000000000
824439822,SK20AZJ,490000029Q,25,1,69,2021-01-05 19:16:30.952815200,84,2021-01-05 19:17:54.000000000
-1593793543,SK20BCX,490000029Q,25,1,69,2021-01-05 19:16:30.952815200,637,2021-01-05 19:27:07.000000000
-1861259433,SK20BDF,490000029Q,25,1,69,2021-01-05 19:16:30.952815200,500,2021-01-05 19:24:50.000000000
988468772,SK20AXT,490000220W2,25,2,250,2021-01-05 19:16:30.981146700,253,2021-01-05 19:20:43.000000000
-1751948669,SK20AYU,490000220W2,25,2,250,2021-01-05 19:16:30.981146700,1535,2021-01-05 19:42:05.000000000
-1697812504,SK20AYX,490000220W2,25,2,250,2021-01-05 19:16:30.981146700,925,2021-01-05 19:31:55.000000000
1966078235,SK20BDV,490000220W2,25,2,250,2021-01-05 19:16:30.981146700,434,2021-01-05 19:23:44.000000000
1243434903,SK20AYN,490015114G,25,1,48,2021-01-05 19:17:00.521350700,860,2021-01-05 19:31:20.000000000
-178226717,SK20AZJ,490015114G,25,1,48,2021-01-05 19:17:00.521350700,1340,2021-01-05 19:39:20.000000000
1431102138,SK20BDF,490015114G,25,1,48,2021-01-05 19:17:00.521350700,1756,2021-01-05 19:46:16.000000000
-772681309,BF67GKO,490000091H,18,1,75,2021-01-05 19:17:00.352822400,727,2021-01-05 19:29:07.000000000
259613649,BF67GNU,490000091H,18,1,75,2021-01-05 19:17:00.352822400,1290,2021-01-05 19:38:30.000000000
425512158,LJ15JYZ,490000091H,18,1,75,2021-01-05 19:17:00.352822400,154,2021-01-05 19:19:34.000000000
875261780,LJ15JZD,490000091H,18,1,75,2021-01-05 19:17:00.352822400,1094,2021-01-05 19:35:14.000000000
-1407391857,LJ16EWX,490000091H,18,1,75,2021-01-05 19:17:00.352822400,1652,2021-01-05 19:44:32.000000000
856580481,LJ66TRZ,490000091H,18,1,75,2021-01-05 19:17:00.352822400,476,2021-01-05 19:24:56.000000000
938553342,BF67GKN,490010713F,18,2,273,2021-01-05 19:16:31.478545600,368,2021-01-05 19:22:39.000000000
-1588200854,BF67GLJ,490010713F,18,2,273,2021-01-05 19:16:31.478545600,778,2021-01-05 19:29:29.000000000
904017697,LJ16EWF,490010713F,18,2,273,2021-01-05 19:16:31.478545600,907,2021-01-05 19:31:38.000000000
-546735983,LJ16EWV,490010713F,18,2,273,2021-01-05 19:16:31.478545600,221,2021-01-05 19:20:12.000000000
1376497253,LJ16EWZ,490010713F,18,2,273,2021-01-05 19:16:31.478545600,1138,2021-01-05 19:35:29.000000000
-1742687670,LJ66TSO,490010713F,18,2,273,2021-01-05 19:16:31.478545600,1524,2021-01-05 19:41:55.000000000
-1527170706,BF67GKG,490008187F,18,2,313,2021-01-05 19:17:00.305948800,33,2021-01-05 19:17:33.000000000
1826472155,BF67GKN,490008187F,18,2,313,2021-01-05 19:17:00.305948800,1455,2021-01-05 19:41:15.000000000
1905752995,BF67GLV,490008187F,18,2,313,2021-01-05 19:17:00.305948800,714,2021-01-05 19:28:54.000000000
1905687459,BF67GMV,490008187F,18,2,313,2021-01-05 19:17:00.305948800,475,2021-01-05 19:24:55.000000000
1826275547,BF67GNN,490008187F,18,2,313,2021-01-05 19:17:00.305948800,1019,2021-01-05 19:33:59.000000000
-2075813964,LJ16EWV,490008187F,18,2,313,2021-01-05 19:17:00.305948800,1239,2021-01-05 19:37:39.000000000
-1789471161,BF67GKG,490013797N,18,2,325,2021-01-05 19:17:00.304651200,878,2021-01-05 19:31:38.000000000
-875169178,BF67GKJ,490013797N,18,2,325,2021-01-05 19:17:00.304651200,422,2021-01-05 19:24:02.000000000
1077449866,BF67GLV,490013797N,18,2,325,2021-01-05 19:17:00.304651200,1406,2021-01-05 19:40:26.000000000
1077515402,BF67GMV,490013797N,18,2,325,2021-01-05 19:17:00.304651200,1289,2021-01-05 19:38:29.000000000
-874972570,BF67GNJ,490013797N,18,2,325,2021-01-05 19:17:00.304651200,681,2021-01-05 19:28:21.000000000
1567961074,BF67GNN,490013797N,18,2,325,2021-01-05 19:17:00.304651200,1773,2021-01-05 19:46:33.000000000
1100525424,SK20AYJ,490010513E,25,1,75,2021-01-05 19:16:01.760268200,1057,2021-01-05 19:33:38.000000000
-776406905,SK20BCX,490010513E,25,1,75,2021-01-05 19:16:01.760268200,381,2021-01-05 19:22:22.000000000
-508087255,SK20BDF,490010513E,25,1,75,2021-01-05 19:16:01.760268200,181,2021-01-05 19:19:02.000000000
-988911222,BF67GKO,490000077AZ,18,1,60,2021-01-05 19:16:31.603548600,895,2021-01-05 19:31:26.000000000
491444547,BF67GLZ,490000077AZ,18,1,60,2021-01-05 19:16:31.603548600,106,2021-01-05 19:18:17.000000000
-1471410990,BF67GMG,490000077AZ,18,1,60,2021-01-05 19:16:31.603548600,43,2021-01-05 19:17:14.000000000
461822968,BF67GNU,490000077AZ,18,1,60,2021-01-05 19:16:31.603548600,1489,2021-01-05 19:41:20.000000000
228816119,LJ15JYZ,490000077AZ,18,1,60,2021-01-05 19:16:31.603548600,336,2021-01-05 19:22:07.000000000
550819709,LJ15JZD,490000077AZ,18,1,60,2021-01-05 19:16:31.603548600,1350,2021-01-05 19:39:01.000000000
670161320,LJ66TRZ,490000077AZ,18,1,60,2021-01-05 19:16:31.603548600,676,2021-01-05 19:27:47.000000000
820588319,BF67GKN,490008711V,18,2,297,2021-01-05 19:16:31.229632200,989,2021-01-05 19:33:00.000000000
-1504839029,BF67GLJ,490008711V,18,2,297,2021-01-05 19:16:31.229632200,1436,2021-01-05 19:40:27.000000000
765695079,BF67GLV,490008711V,18,2,297,2021-01-05 19:16:31.229632200,246,2021-01-05 19:20:37.000000000
820915999,BF67GNN,490008711V,18,2,297,2021-01-05 19:16:31.229632200,522,2021-01-05 19:25:13.000000000
855259072,LJ16EWF,490008711V,18,2,297,2021-01-05 19:16:31.229632200,1444,2021-01-05 19:40:35.000000000
-663652240,LJ16EWV,490008711V,18,2,297,2021-01-05 19:16:31.229632200,772,2021-01-05 19:29:23.000000000
1427353220,LJ16EWZ,490008711V,18,2,297,2021-01-05 19:16:31.229632200,1809,2021-01-05 19:46:40.000000000
834549321,SK20AYY,490001067Q,25,1,115,2021-01-05 19:17:00.458968600,1079,2021-01-05 19:34:59.000000000
-480088256,SK20AZF,490001067Q,25,1,115,2021-01-05 19:17:00.458968600,649,2021-01-05 19:27:49.000000000
476393076,SK20BCX,490004147G,25,1,72,2021-01-05 19:17:00.462229700,108,2021-01-05 19:18:48.000000000
-1460140205,SK20AZA,490012131W,25,2,248,2021-01-05 19:17:00.429637400,1020,2021-01-05 19:34:00.000000000
1086972551,SK20BBF,490012131W,25,2,248,2021-01-05 19:17:00.429637400,465,2021-01-05 19:24:45.000000000
1504033719,SK20AYY,490013195J,25,1,66,2021-01-05 19:17:00.498284800,1351,2021-01-05 19:39:31.000000000
-1954946370,SK20AZF,490013195J,25,1,66,2021-01-05 19:17:00.498284800,991,2021-01-05 19:33:31.000000000
-778259312,BF67GKG,490015057H,18,2,313,2021-01-05 19:16:01.653336700,53,2021-01-05 19:16:54.000000000
431508773,BF67GKN,490015057H,18,2,313,2021-01-05 19:16:01.653336700,1419,2021-01-05 19:39:40.000000000
83031645,BF67GLV,490015057H,18,2,313,2021-01-05 19:16:01.653336700,620,2021-01-05 19:26:21.000000000
83097181,BF67GMV,490015057H,18,2,313,2021-01-05 19:16:01.653336700,496,2021-01-05 19:24:17.000000000
431967525,BF67GNN,490015057H,18,2,313,2021-01-05 19:16:01.653336700,936,2021-01-05 19:31:37.000000000
-249554358,LJ16EWV,490015057H,18,2,313,2021-01-05 19:16:01.653336700,1168,2021-01-05 19:35:29.000000000
928630127,BF67GKP,490003444E,18,1,127,2021-01-05 19:16:31.385885100,1318,2021-01-05 19:38:29.000000000
1731104461,BF67GKZ,490003444E,18,1,127,2021-01-05 19:16:31.385885100,1429,2021-01-05 19:40:20.000000000
1642171510,BF67GNU,490003444E,18,1,127,2021-01-05 19:16:31.385885100,397,2021-01-05 19:23:08.000000000
1521713395,LJ15JZD,490003444E,18,1,127,2021-01-05 19:16:31.385885100,318,2021-01-05 19:21:49.000000000
-1031534552,LJ16EWX,490003444E,18,1,127,2021-01-05 19:16:31.385885100,720,2021-01-05 19:28:31.000000000
683153966,SK20AXT,490000003R,25,2,241,2021-01-05 19:16:01.454190900,968,2021-01-05 19:32:09.000000000
-2002803742,SK20AYX,490000003R,25,2,241,2021-01-05 19:16:01.454190900,1484,2021-01-05 19:40:45.000000000
1736258833,SK20BDV,490000003R,25,2,241,2021-01-05 19:16:01.454190900,1100,2021-01-05 19:34:21.000000000
791746089,BF67GKN,490014552W,18,2,273,2021-01-05 19:16:31.390277100,409,2021-01-05 19:23:20.000000000
-1181367363,BF67GLJ,490014552W,18,2,273,2021-01-05 19:16:31.390277100,817,2021-01-05 19:30:08.000000000
757206774,LJ16EWF,490014552W,18,2,273,2021-01-05 19:16:31.390277100,948,2021-01-05 19:32:19.000000000
-945209018,LJ16EWV,490014552W,18,2,273,2021-01-05 19:16:31.390277100,262,2021-01-05 19:20:53.000000000
1254856626,LJ16EWZ,490014552W,18,2,273,2021-01-05 19:16:31.390277100,1177,2021-01-05 19:36:08.000000000
-2132767843,LJ66TSO,490014552W,18,2,273,2021-01-05 19:16:31.390277100,1565,2021-01-05 19:42:36.000000000
-1703999156,BF67GKG,490012803Z,18,2,293,2021-01-05 19:16:31.618763100,347,2021-01-05 19:22:18.000000000
1380708601,BF67GKN,490012803Z,18,2,293,2021-01-05 19:16:31.618763100,1748,2021-01-05 19:45:39.000000000
1325484929,BF67GLV,490012803Z,18,2,293,2021-01-05 19:16:31.618763100,994,2021-01-05 19:33:05.000000000
1325419393,BF67GMV,490012803Z,18,2,293,2021-01-05 19:16:31.618763100,760,2021-01-05 19:29:11.000000000
-991877779,BF67GNJ,490012803Z,18,2,293,2021-01-05 19:16:31.618763100,199,2021-01-05 19:19:50.000000000
1380774137,BF67GNN,490012803Z,18,2,293,2021-01-05 19:16:31.618763100,1192,2021-01-05 19:36:23.000000000
-1160534122,LJ16EWV,490012803Z,18,2,293,2021-01-05 19:16:31.618763100,1504,2021-01-05 19:41:35.000000000
615907559,BF67GKK,490015558W2,18,2,266,2020-12-30 15:39:50.484102900,638,2020-12-30 15:50:28.000000000
-679676467,BF67GKY,490015558W2,18,2,266,2020-12-30 15:39:50.484102900,1480,2020-12-30 16:04:30.000000000
1905544882,BF67GLZ,490015558W2,18,2,266,2020-12-30 15:39:50.484102900,260,2020-12-30 15:44:10.000000000
-680331827,BF67GMY,490015558W2,18,2,266,2020-12-30 15:39:50.484102900,13,2020-12-30 15:40:03.000000000
-467651079,LJ16EWV,490015558W2,18,2,266,2020-12-30 15:39:50.484102900,1215,2020-12-30 16:00:05.000000000
-734148521,LJ16EWX,490015558W2,18,2,266,2020-12-30 15:39:50.484102900,1758,2020-12-30 16:09:08.000000000
-1553334494,LJ66TSO,490015558W2,18,2,266,2020-12-30 15:39:50.484102900,945,2020-12-30 15:55:35.000000000
858094699,SK20AZA,490007657V,25,2,252,2021-01-05 19:16:31.572085500,286,2021-01-05 19:21:17.000000000
165331124,SK20BCY,490007657V,25,2,252,2021-01-05 19:16:31.572085500,1212,2021-01-05 19:36:43.000000000
-168847139,BF67GLJ,490000078P,18,2,242,2021-01-05 19:16:31.947306500,214,2021-01-05 19:20:05.000000000
510091629,BF67GLZ,490000078P,18,2,242,2021-01-05 19:16:31.947306500,1146,2021-01-05 19:35:37.000000000
-1419660036,BF67GMG,490000078P,18,2,242,2021-01-05 19:16:31.947306500,1535,2021-01-05 19:42:06.000000000
1633179030,LJ16EWF,490000078P,18,2,242,2021-01-05 19:16:31.947306500,169,2021-01-05 19:19:20.000000000
112315602,LJ16EWZ,490000078P,18,2,242,2021-01-05 19:16:31.947306500,445,2021-01-05 19:23:56.000000000
-862269187,LJ66TSO,490000078P,18,2,242,2021-01-05 19:16:31.947306500,786,2021-01-05 19:29:37.000000000
-1776124817,SK20AZA,490008603W,25,2,255,2021-01-05 19:17:01.118697300,1124,2021-01-05 19:35:45.000000000
2115213755,SK20BBF,490008603W,25,2,255,2021-01-05 19:17:01.118697300,562,2021-01-05 19:26:23.000000000
-1892825600,BF67GKE,490003597G,18,1,160,2021-01-05 19:17:01.071820700,99,2021-01-05 19:18:40.000000000
-1049460460,BF67GMY,490003597G,18,1,160,2021-01-05 19:17:01.071820700,1359,2021-01-05 19:39:40.000000000
-393983234,LJ16EWH,490003597G,18,1,160,2021-01-05 19:17:01.071820700,519,2021-01-05 19:25:40.000000000
-1753680505,LJ16EWU,490003597G,18,1,160,2021-01-05 19:17:01.071820700,939,2021-01-05 19:32:40.000000000
-1167352575,BF67GKE,490000011E,18,2,253,2020-12-30 15:39:07.872528300,56,2020-12-30 15:40:03.000000000
-197404139,BF67GLY,490000011E,18,2,253,2020-12-30 15:39:07.872528300,622,2020-12-30 15:49:29.000000000
-1970220637,BF67GMO,490000011E,18,2,253,2020-12-30 15:39:07.872528300,1513,2020-12-30 16:04:20.000000000
770528657,LJ16EWF,490000011E,18,2,253,2020-12-30 15:39:07.872528300,1208,2020-12-30 15:59:15.000000000
1331085628,LJ16EWG,490000011E,18,2,253,2020-12-30 15:39:07.872528300,223,2020-12-30 15:42:50.000000000
1153960264,BF67GKG,490012847W,18,2,293,2021-01-05 19:17:00.724575800,535,2021-01-05 19:25:55.000000000
441132393,BF67GKJ,490012847W,18,2,293,2021-01-05 19:17:00.724575800,105,2021-01-05 19:18:45.000000000
-1851372667,BF67GLV,490012847W,18,2,293,2021-01-05 19:17:00.724575800,1138,2021-01-05 19:35:58.000000000
-1851307131,BF67GMV,490012847W,18,2,293,2021-01-05 19:17:00.724575800,999,2021-01-05 19:33:39.000000000
440804713,BF67GNJ,490012847W,18,2,293,2021-01-05 19:17:00.724575800,438,2021-01-05 19:24:18.000000000
-1930694403,BF67GNN,490012847W,18,2,293,2021-01-05 19:17:00.724575800,1449,2021-01-05 19:41:09.000000000
-1969892957,BF67GKO,490000011D,18,1,74,2021-01-05 19:17:00.646452900,542,2021-01-05 19:26:02.000000000
1411212241,BF67GNU,490000011D,18,1,74,2021-01-05 19:17:00.646452900,1153,2021-01-05 19:36:13.000000000
1867476820,LJ15JZD,490000011D,18,1,74,2021-01-05 19:17:00.646452900,933,2021-01-05 19:32:33.000000000
-143071345,LJ16EWX,490000011D,18,1,74,2021-01-05 19:17:00.646452900,1479,2021-01-05 19:41:39.000000000
1751802241,LJ66TRZ,490000011D,18,1,74,2021-01-05 19:17:00.646452900,376,2021-01-05 19:23:16.000000000
1769020677,SK20AYY,490008275K,25,1,109,2021-01-05 19:17:01.196824100,1049,2021-01-05 19:34:30.000000000
-1146272756,SK20AZF,490008275K,25,1,109,2021-01-05 19:17:01.196824100,620,2021-01-05 19:27:21.000000000
-1822381018,SK20AZA,490006917E,25,2,263,2021-01-05 19:17:00.717026700,1317,2021-01-05 19:38:57.000000000
2068924914,SK20BBF,490006917E,25,2,263,2021-01-05 19:17:00.717026700,797,2021-01-05 19:30:17.000000000
56738776,BF67GLJ,490005584K,18,1,98,2020-12-30 15:39:49.027868300,618,2020-12-30 15:50:07.000000000
-1817768782,BF67GMX,490005584K,18,1,98,2020-12-30 15:39:49.027868300,924,2020-12-30 15:55:13.000000000
775037109,BF67GKE,490013826G,18,1,134,2021-01-05 19:16:31.868945500,1471,2021-01-05 19:41:02.000000000
-1761634436,BF67GKP,490013826G,18,1,134,2021-01-05 19:16:31.868945500,649,2021-01-05 19:27:20.000000000
-964109090,BF67GKZ,490013826G,18,1,134,2021-01-05 19:16:31.868945500,762,2021-01-05 19:29:13.000000000
1663195707,LJ16EWX,490013826G,18,1,134,2021-01-05 19:16:31.868945500,96,2021-01-05 19:18:07.000000000
1796305597,BF67GKE,490005491E,18,1,72,2021-01-05 19:17:00.865191500,1557,2021-01-05 19:42:57.000000000
-740506252,BF67GKP,490005491E,18,1,72,2021-01-05 19:17:00.865191500,735,2021-01-05 19:29:15.000000000
-2085908778,BF67GKZ,490005491E,18,1,72,2021-01-05 19:17:00.865191500,848,2021-01-05 19:31:08.000000000
637601843,LJ16EWX,490005491E,18,1,72,2021-01-05 19:17:00.865191500,182,2021-01-05 19:20:02.000000000
-191927055,BF67GKO,490007807E,18,1,81,2021-01-05 19:17:00.930894000,645,2021-01-05 19:27:45.000000000
705158787,BF67GNU,490007807E,18,1,81,2021-01-05 19:17:00.930894000,1204,2021-01-05 19:37:04.000000000
1008890252,LJ15JYZ,490007807E,18,1,81,2021-01-05 19:17:00.930894000,42,2021-01-05 19:17:42.000000000
290836998,LJ15JZD,490007807E,18,1,81,2021-01-05 19:17:00.930894000,1013,2021-01-05 19:33:53.000000000
-1990042915,LJ16EWX,490007807E,18,1,81,2021-01-05 19:17:00.930894000,1573,2021-01-05 19:43:13.000000000
376495315,LJ66TRZ,490007807E,18,1,81,2021-01-05 19:17:00.930894000,395,2021-01-05 19:23:35.000000000
2091751322,BF67GKP,490007807W,18,2,259,2021-01-05 11:22:22.552836100,1160,2021-01-05 11:41:42.000000000
752540728,BF67GKZ,490007807W,18,2,259,2021-01-05 11:22:22.552836100,1473,2021-01-05 11:46:55.000000000
706076291,BF67GNU,490007807W,18,2,259,2021-01-05 11:22:22.552836100,560,2021-01-05 11:31:42.000000000
289919494,LJ15JZD,490007807W,18,2,259,2021-01-05 11:22:22.552836100,520,2021-01-05 11:31:02.000000000
-1989125411,LJ16EWX,490007807W,18,2,259,2021-01-05 11:22:22.552836100,860,2021-01-05 11:36:42.000000000
375577811,LJ66TRZ,490007807W,18,2,259,2021-01-05 11:22:22.552836100,172,2021-01-05 11:25:14.000000000
-1110141003,SK20AXT,490004147W,25,2,251,2021-01-05 19:17:00.865191500,325,2021-01-05 19:22:25.000000000
279782162,SK20AYU,490004147W,25,2,251,2021-01-05 19:17:00.865191500,1565,2021-01-05 19:43:05.000000000
502476409,SK20AYX,490004147W,25,2,251,2021-01-05 19:17:00.865191500,942,2021-01-05 19:32:42.000000000
-233719670,SK20BDV,490004147W,25,2,251,2021-01-05 19:17:00.865191500,507,2021-01-05 19:25:27.000000000
30545329,BF67GLJ,490000191B,18,2,253,2021-01-05 19:17:01.354977600,456,2021-01-05 19:24:37.000000000
-363140095,BF67GLZ,490000191B,18,2,253,2021-01-05 19:17:01.354977600,1391,2021-01-05 19:40:12.000000000
1599879568,BF67GMG,490000191B,18,2,253,2021-01-05 19:17:01.354977600,1751,2021-01-05 19:46:12.000000000
-1788487430,LJ16EWF,490000191B,18,2,253,2021-01-05 19:17:01.354977600,380,2021-01-05 19:23:21.000000000
-225689154,LJ16EWZ,490000191B,18,2,253,2021-01-05 19:17:01.354977600,680,2021-01-05 19:28:21.000000000
950492561,LJ66TSO,490000191B,18,2,253,2021-01-05 19:17:01.354977600,1012,2021-01-05 19:33:53.000000000
1373300494,SK20AYB,490007657S,25,1,72,2021-01-05 19:16:31.983960300,593,2021-01-05 19:26:24.000000000
-1446950401,SK20AYM,490007657S,25,1,72,2021-01-05 19:16:31.983960300,1604,2021-01-05 19:43:15.000000000
-33277404,SK20AYP,490007657S,25,1,72,2021-01-05 19:16:31.983960300,913,2021-01-05 19:31:44.000000000
1642898272,SK20AZD,490007657S,25,1,72,2021-01-05 19:16:31.983960300,1105,2021-01-05 19:34:56.000000000
1660329994,SK20BBO,490007657S,25,1,72,2021-01-05 19:16:31.983960300,228,2021-01-05 19:20:19.000000000
-1924983252,BF67GKN,490010567H,18,2,253,2021-01-05 19:16:32.181247900,226,2021-01-05 19:20:18.000000000
468173752,BF67GLJ,490010567H,18,2,253,2021-01-05 19:16:32.181247900,699,2021-01-05 19:28:11.000000000
-261146104,BF67GLZ,490010567H,18,2,253,2021-01-05 19:16:32.181247900,1762,2021-01-05 19:45:54.000000000
-1890578701,LJ16EWF,490010567H,18,2,253,2021-01-05 19:16:32.181247900,803,2021-01-05 19:29:55.000000000
1708867907,LJ16EWV,490010567H,18,2,253,2021-01-05 19:16:32.181247900,117,2021-01-05 19:18:29.000000000
-390490185,LJ16EWZ,490010567H,18,2,253,2021-01-05 19:16:32.181247900,1030,2021-01-05 19:33:42.000000000
580029336,LJ66TSO,490010567H,18,2,253,2021-01-05 19:16:32.181247900,1418,2021-01-05 19:40:10.000000000
695637994,SK20AXT,490012153F,25,2,252,2021-01-05 19:16:02.040036500,415,2021-01-05 19:22:57.000000000
-2079382707,SK20AYU,490012153F,25,2,252,2021-01-05 19:16:02.040036500,1675,2021-01-05 19:43:57.000000000
-1991168474,SK20AYX,490012153F,25,2,252,2021-01-05 19:16:02.040036500,1036,2021-01-05 19:33:18.000000000
1723054293,SK20BDV,490012153F,25,2,252,2021-01-05 19:16:02.040036500,707,2021-01-05 19:27:49.000000000
426713266,BF67GKE,490012847E,18,1,113,2021-01-05 19:17:00.920151500,985,2021-01-05 19:33:25.000000000
-1583179909,BF67GKP,490012847E,18,1,113,2021-01-05 19:17:00.920151500,166,2021-01-05 19:19:46.000000000
-237642535,BF67GKZ,490012847E,18,1,113,2021-01-05 19:17:00.920151500,336,2021-01-05 19:22:36.000000000
2126949452,LJ16EWH,490012847E,18,1,113,2021-01-05 19:17:00.920151500,1414,2021-01-05 19:40:34.000000000
235937029,SK20AYY,490000225S,25,1,111,2021-01-05 19:16:32.429131300,1180,2021-01-05 19:36:12.000000000
-590593012,SK20AZF,490000225S,25,1,111,2021-01-05 19:16:32.429131300,747,2021-01-05 19:28:59.000000000
-18945153,SK20AYN,490012904B,25,1,164,2021-01-05 19:16:32.042077100,543,2021-01-05 19:25:35.000000000
1101257995,SK20AZJ,490012904B,25,1,164,2021-01-05 19:16:32.042077100,1008,2021-01-05 19:33:20.000000000
-510704046,SK20BDF,490012904B,25,1,164,2021-01-05 19:16:32.042077100,1550,2021-01-05 19:42:22.000000000
-184051504,BF67GLJ,490000077H,18,2,241,2021-01-05 19:17:01.227275400,168,2021-01-05 19:19:49.000000000
512713056,BF67GLZ,490000077H,18,2,241,2021-01-05 19:17:01.227275400,1075,2021-01-05 19:34:56.000000000
-1417038607,BF67GMG,490000077H,18,2,241,2021-01-05 19:17:01.227275400,1458,2021-01-05 19:41:19.000000000
1638946203,LJ16EWF,490000077H,18,2,241,2021-01-05 19:17:01.227275400,93,2021-01-05 19:18:34.000000000
106548447,LJ16EWZ,490000077H,18,2,241,2021-01-05 19:17:01.227275400,374,2021-01-05 19:23:15.000000000
-864890640,LJ66TSO,490000077H,18,2,241,2021-01-05 19:17:01.227275400,715,2021-01-05 19:28:56.000000000
-959340252,SK20AZA,490014269W,25,2,244,2021-01-05 19:16:32.947291600,1645,2021-01-05 19:43:57.000000000
786449648,SK20BBF,490014269W,25,2,244,2021-01-05 19:16:32.947291600,1165,2021-01-05 19:35:57.000000000
-989605475,SK20AZA,490009570W,25,2,236,2021-01-05 19:16:02.510247300,798,2021-01-05 19:29:20.000000000
758264905,SK20BBF,490009570W,25,2,236,2021-01-05 19:16:02.510247300,282,2021-01-05 19:20:44.000000000
-234174,SK20BCY,490009570W,25,2,236,2021-01-05 19:16:02.510247300,1758,2021-01-05 19:45:20.000000000
-1714419283,BF67GKG,490007803X,18,2,324,2021-01-05 19:16:02.149406000,246,2021-01-05 19:20:08.000000000
1375006744,BF67GKN,490007803X,18,2,324,2021-01-05 19:16:02.149406000,1667,2021-01-05 19:43:49.000000000
1287539552,BF67GLV,490007803X,18,2,324,2021-01-05 19:16:02.149406000,917,2021-01-05 19:31:19.000000000
1287605088,BF67GMV,490007803X,18,2,324,2021-01-05 19:16:02.149406000,683,2021-01-05 19:27:25.000000000
-950131316,BF67GNJ,490007803X,18,2,324,2021-01-05 19:16:02.149406000,109,2021-01-05 19:17:51.000000000
1374941208,BF67GNN,490007803X,18,2,324,2021-01-05 19:16:02.149406000,1165,2021-01-05 19:35:27.000000000
-1184061577,LJ16EWV,490007803X,18,2,324,2021-01-05 19:16:02.149406000,1416,2021-01-05 19:39:38.000000000
-19207297,SK20AYN,490012904N,25,1,26,2021-01-05 19:17:01.045125800,547,2021-01-05 19:26:08.000000000
1101520139,SK20AZJ,490012904N,25,1,26,2021-01-05 19:17:01.045125800,780,2021-01-05 19:30:01.000000000
-779842820,SK20BCX,490012904N,25,1,26,2021-01-05 19:17:01.045125800,1327,2021-01-05 19:39:08.000000000
-510966190,SK20BDF,490012904N,25,1,26,2021-01-05 19:17:01.045125800,984,2021-01-05 19:33:25.000000000
-183289172,SK20AYB,490009219E,25,1,60,2021-01-05 19:17:01.509333300,57,2021-01-05 19:17:58.000000000
218666077,SK20AYM,490009219E,25,1,60,2021-01-05 19:17:01.509333300,1113,2021-01-05 19:35:34.000000000
1523443590,SK20AYP,490009219E,25,1,60,2021-01-05 19:17:01.509333300,401,2021-01-05 19:23:42.000000000
-987398462,SK20AZD,490009219E,25,1,60,2021-01-05 19:17:01.509333300,569,2021-01-05 19:26:30.000000000
817515862,BF67GKN,490004039S,18,2,302,2021-01-05 19:16:02.245817100,470,2021-01-05 19:23:52.000000000
-1507944254,BF67GLJ,490004039S,18,2,302,2021-01-05 19:16:02.245817100,883,2021-01-05 19:30:45.000000000
849958281,LJ16EWF,490004039S,18,2,302,2021-01-05 19:16:02.245817100,1020,2021-01-05 19:33:02.000000000
-668853703,LJ16EWV,490004039S,18,2,302,2021-01-05 19:16:02.245817100,299,2021-01-05 19:21:01.000000000
1430310093,LJ16EWZ,490004039S,18,2,302,2021-01-05 19:16:02.245817100,1243,2021-01-05 19:36:45.000000000
-1620324126,LJ66TSO,490004039S,18,2,302,2021-01-05 19:16:02.245817100,1630,2021-01-05 19:43:12.000000000
-1898170558,SK20AYB,490004986P,25,1,175,2021-01-05 19:17:01.367898700,400,2021-01-05 19:23:41.000000000
1992792499,SK20AYM,490004986P,25,1,175,2021-01-05 19:17:01.367898700,1411,2021-01-05 19:40:32.000000000
553839208,SK20AYP,490004986P,25,1,175,2021-01-05 19:17:01.367898700,698,2021-01-05 19:28:39.000000000
-1091931348,SK20AZD,490004986P,25,1,175,2021-01-05 19:17:01.367898700,915,2021-01-05 19:32:16.000000000
-1108316090,SK20BBO,490004986P,25,1,175,2021-01-05 19:17:01.367898700,5,2021-01-05 19:17:06.000000000
499599513,BF67GKP,490008711X,18,1,123,2021-01-05 19:17:01.165262000,1029,2021-01-05 19:34:10.000000000
1303380795,BF67GKZ,490008711X,18,1,123,2021-01-05 19:17:01.165262000,1140,2021-01-05 19:36:01.000000000
1266614656,BF67GNU,490008711X,18,1,123,2021-01-05 19:17:01.165262000,114,2021-01-05 19:18:55.000000000
1882000645,LJ15JZD,490008711X,18,1,123,2021-01-05 19:17:01.165262000,19,2021-01-05 19:17:20.000000000
-400914978,LJ16EWX,490008711X,18,1,123,2021-01-05 19:17:01.165262000,429,2021-01-05 19:24:10.000000000
933258333,BF67GKN,490014962W,18,2,306,2021-01-05 19:17:01.195213800,1264,2021-01-05 19:38:05.000000000
720035621,BF67GLV,490014962W,18,2,306,2021-01-05 19:17:01.195213800,514,2021-01-05 19:25:35.000000000
720101157,BF67GMV,490014962W,18,2,306,2021-01-05 19:17:01.195213800,226,2021-01-05 19:20:47.000000000
933717085,BF67GNN,490014962W,18,2,306,2021-01-05 19:17:01.195213800,707,2021-01-05 19:28:48.000000000
900955266,LJ16EWF,490014962W,18,2,306,2021-01-05 19:17:01.195213800,1789,2021-01-05 19:46:50.000000000
-549965006,LJ16EWV,490014962W,18,2,306,2021-01-05 19:17:01.195213800,1073,2021-01-05 19:34:54.000000000
1493678979,SK20AYY,490010199E,25,1,175,2021-01-05 19:17:01.649958500,1270,2021-01-05 19:38:11.000000000
-1948523894,SK20AZF,490010199E,25,1,175,2021-01-05 19:17:01.649958500,846,2021-01-05 19:31:07.000000000
65740885,BF67GKE,490008865E,18,1,112,2021-01-05 19:16:02.735838000,1156,2021-01-05 19:35:18.000000000
-1155098724,BF67GKP,490008865E,18,1,112,2021-01-05 19:16:02.735838000,344,2021-01-05 19:21:46.000000000
-346956738,BF67GKZ,490008865E,18,1,112,2021-01-05 19:16:02.735838000,520,2021-01-05 19:24:42.000000000
1682091179,LJ16EWH,490008865E,18,1,112,2021-01-05 19:16:02.735838000,1591,2021-01-05 19:42:33.000000000
-1809320946,SK20AYJ,490002019A,25,1,75,2021-01-05 19:16:02.734194800,1690,2021-01-05 19:44:12.000000000
-1809517554,SK20AZJ,490002019A,25,1,75,2021-01-05 19:16:02.734194800,202,2021-01-05 19:19:24.000000000
67609593,SK20BCX,490002019A,25,1,75,2021-01-05 19:16:02.734194800,751,2021-01-05 19:28:33.000000000
872968023,SK20BDF,490002019A,25,1,75,2021-01-05 19:16:02.734194800,539,2021-01-05 19:25:01.000000000
-917653950,BF67GKE,490000256F,18,1,57,2021-01-05 19:16:32.667024100,408,2021-01-05 19:23:20.000000000
-2028801706,BF67GMY,490000256F,18,1,57,2021-01-05 19:16:32.667024100,1668,2021-01-05 19:44:20.000000000
-1360774468,LJ16EWH,490000256F,18,1,57,2021-01-05 19:16:32.667024100,828,2021-01-05 19:30:20.000000000
-786922043,LJ16EWU,490000256F,18,1,57,2021-01-05 19:16:32.667024100,1248,2021-01-05 19:37:20.000000000
940477497,SK20BCX,490015508E2,25,1,70,2021-01-05 19:17:01.201372600,184,2021-01-05 19:20:05.000000000
833119000,SK20AYJ,490011315E,25,1,64,2021-01-05 19:16:32.788487500,1094,2021-01-05 19:34:46.000000000
-1584909073,SK20BCX,490011315E,25,1,64,2021-01-05 19:16:32.788487500,408,2021-01-05 19:23:20.000000000
-1853360063,SK20BDF,490011315E,25,1,64,2021-01-05 19:16:32.788487500,208,2021-01-05 19:20:00.000000000
-286946685,SK20AZA,490006059W,25,2,245,2021-01-05 19:16:32.718347300,609,2021-01-05 19:26:41.000000000
114585431,SK20BBF,490006059W,25,2,245,2021-01-05 19:16:32.718347300,89,2021-01-05 19:18:01.000000000
-736479652,SK20BCY,490006059W,25,2,245,2021-01-05 19:16:32.718347300,1569,2021-01-05 19:42:41.000000000
-1747294936,SK20AZA,490003468W,25,2,245,2021-01-05 19:17:01.335953600,1538,2021-01-05 19:42:39.000000000
2146140412,SK20BBF,490003468W,25,2,245,2021-01-05 19:17:01.335953600,1038,2021-01-05 19:34:19.000000000
-1860546391,SK20AYM,490007497E,25,1,78,2021-01-05 19:16:32.731059100,599,2021-01-05 19:26:31.000000000
-56414780,SK20AYN,490007497E,25,1,78,2021-01-05 19:16:32.731059100,1427,2021-01-05 19:40:19.000000000
1496824374,SK20AZD,490007497E,25,1,78,2021-01-05 19:16:32.731059100,128,2021-01-05 19:18:40.000000000
2102941611,SK20AYU,490012648K,25,2,250,2021-01-05 19:16:02.464465500,1243,2021-01-05 19:36:45.000000000
1879464640,SK20AYX,490012648K,25,2,250,2021-01-05 19:16:02.464465500,479,2021-01-05 19:24:01.000000000
-1612395469,SK20BDV,490012648K,25,2,250,2021-01-05 19:16:02.464465500,141,2021-01-05 19:18:23.000000000
932260514,BF67GKP,490013054E,18,1,132,2021-01-05 19:17:01.617885200,1429,2021-01-05 19:40:50.000000000
1743151360,BF67GKZ,490013054E,18,1,132,2021-01-05 19:17:01.617885200,1540,2021-01-05 19:42:41.000000000
1630102459,BF67GNU,490013054E,18,1,132,2021-01-05 19:17:01.617885200,577,2021-01-05 19:26:38.000000000
1518038846,LJ15JZD,490013054E,18,1,132,2021-01-05 19:17:01.617885200,432,2021-01-05 19:24:13.000000000
-1035147291,LJ16EWX,490013054E,18,1,132,2021-01-05 19:17:01.617885200,817,2021-01-05 19:30:38.000000000
